Timestamp,PacketID,RSSI_dBm,Corrente_A,Comando_Pct,TensaoTotal_V,Celulas_N,C1,C2,C3,C4,C5,C6,Corrente_Med_A,Corrente_Min_A,LoopMs,PwmIdleMs
2026-06-01T22_42_28,13836,-47,1.29,0,17.24,4,4.272,4.344,4.319,4.303,0.000,0.000,-0.12,-1.10,64,4
2026-06-01T22_42_28,13837,-47,1.29,0,17.24,4,4.272,4.344,4.320,4.303,0.000,0.000,-0.24,-1.47,20,11
2026-06-01T22_42_28,13838,-47,1.04,0,17.24,4,4.272,4.344,4.319,4.303,0.000,0.000,-0.23,-1.47,19,0
2026-06-01T22_42_28,13839,-47,1.16,0,17.24,4,4.272,4.345,4.320,4.303,0.000,0.000,-0.23,-1.47,18,10
2026-06-01T22_42_28,13840,-47,1.04,0,17.24,4,4.272,4.345,4.318,4.305,0.000,0.000,-0.25,-1.35,19,0
2026-06-01T22_42_28,13841,-47,1.29,0,17.24,4,4.272,4.344,4.319,4.303,0.000,0.000,-0.21,-1.47,18,10
2026-06-01T22_42_28,13842,-47,0.66,0,17.24,4,4.271,4.345,4.319,4.303,0.000,0.001,-0.31,-1.22,19,0
2026-06-01T22_42_28,13843,-47,1.29,0,17.24,4,4.272,4.345,4.319,4.303,0.000,0.000,-0.27,-1.97,19,10
2026-06-01T22_42_28,13844,-48,1.16,0,17.24,4,4.272,4.344,4.319,4.304,0.000,0.000,-0.15,-1.47,19,0
2026-06-01T22_42_28,13845,-48,1.16,0,17.24,4,4.272,4.344,4.319,4.303,0.000,0.000,-0.20,-1.22,19,9
2026-06-01T22_42_28,13846,-47,1.29,0,17.24,4,4.272,4.344,4.319,4.304,0.000,0.000,-0.31,-1.47,19,0
2026-06-01T22_42_28,13847,-47,1.04,0,17.24,4,4.272,4.344,4.319,4.303,0.000,0.000,-0.22,-1.35,19,9
2026-06-01T22_42_29,13848,-47,1.42,0,17.24,4,4.271,4.344,4.319,4.304,0.000,0.002,-0.19,-1.60,19,0
2026-06-01T22_42_29,13849,-47,1.16,0,17.24,4,4.271,4.345,4.319,4.303,0.000,0.000,-0.23,-1.22,19,9
2026-06-01T22_42_29,13850,-47,1.04,0,17.24,4,4.272,4.344,4.319,4.303,0.000,0.000,-0.25,-1.72,19,0
2026-06-01T22_42_29,13851,-47,1.42,0,17.24,4,4.272,4.345,4.319,4.303,0.000,0.000,-0.17,-1.60,19,9
2026-06-01T22_42_29,13852,-57,1.54,0,17.24,4,4.272,4.345,4.319,4.304,0.000,0.000,-0.23,-1.47,19,19
2026-06-01T22_42_29,13853,-57,1.04,0,17.24,4,4.271,4.345,4.319,4.303,0.000,0.000,-0.24,-1.22,19,8
2026-06-01T22_42_29,13854,-57,1.04,0,17.24,4,4.271,4.344,4.319,4.303,0.000,0.000,-0.22,-1.10,19,18
2026-06-01T22_42_29,13855,-57,1.16,0,17.24,4,4.272,4.344,4.318,4.305,0.000,0.000,-0.20,-1.22,19,8
2026-06-01T22_42_29,13856,-46,1.16,0,17.24,4,4.272,4.344,4.319,4.303,0.000,0.000,-0.33,-1.47,19,18
2026-06-01T22_42_29,13857,-46,1.04,0,17.24,4,4.271,4.345,4.318,4.303,0.000,0.000,-0.21,-1.35,19,8
2026-06-01T22_42_29,13858,-45,1.54,0,17.24,4,4.272,4.345,4.318,4.303,0.000,0.000,-0.26,-1.35,19,18
2026-06-01T22_42_29,13859,-45,0.79,0,17.24,4,4.271,4.344,4.319,4.303,0.000,0.000,-0.16,-1.22,19,8
2026-06-01T22_42_29,13860,-46,2.29,0,17.24,4,4.271,4.344,4.319,4.303,0.000,0.000,-0.19,-1.85,19,18
2026-06-01T22_42_29,13861,-46,1.16,3,17.24,4,4.271,4.345,4.318,4.304,0.000,0.000,-0.16,-1.22,19,7
2026-06-01T22_42_29,13862,-45,1.54,0,17.24,4,4.272,4.345,4.319,4.303,0.000,0.000,-0.19,-1.35,19,17
2026-06-01T22_42_29,13863,-45,1.16,0,17.24,4,4.272,4.345,4.318,4.304,0.000,0.000,-0.16,-1.35,19,7
2026-06-01T22_42_29,13864,-44,1.92,0,17.24,4,4.271,4.344,4.319,4.303,0.000,0.000,-0.13,-1.35,19,17
2026-06-01T22_42_29,13865,-44,0.79,3,17.24,4,4.272,4.345,4.319,4.304,0.000,0.000,-0.18,-1.35,19,7
2026-06-01T22_42_29,13866,-44,0.79,0,17.24,4,4.272,4.344,4.319,4.303,0.000,0.000,-0.21,-1.60,19,17
2026-06-01T22_42_29,13867,-44,2.04,1,17.24,4,4.271,4.344,4.319,4.304,0.000,0.000,-0.28,-1.60,19,7
2026-06-01T22_42_30,13868,-48,1.04,0,17.24,4,4.271,4.345,4.319,4.303,0.000,0.000,-0.23,-1.35,19,17
2026-06-01T22_42_30,13869,-48,1.04,0,17.24,4,4.272,4.344,4.319,4.305,0.000,0.000,-0.23,-1.22,19,6
2026-06-01T22_42_30,13870,-48,1.29,0,17.24,4,4.271,4.345,4.318,4.304,0.000,0.000,-0.24,-1.47,19,16
2026-06-01T22_42_30,13871,-48,1.04,0,17.24,4,4.272,4.345,4.319,4.303,0.000,0.000,-0.26,-1.22,19,6
2026-06-01T22_42_30,13872,-50,1.16,0,17.24,4,4.271,4.344,4.319,4.303,0.000,0.000,-0.19,-1.47,19,16
2026-06-01T22_42_30,13873,-50,1.29,0,17.24,4,4.272,4.345,4.319,4.303,0.000,0.000,-0.20,-1.22,19,6
2026-06-01T22_42_30,13874,-50,1.29,0,17.24,4,4.271,4.345,4.319,4.304,0.000,0.000,-0.23,-1.22,19,16
2026-06-01T22_42_30,13875,-50,1.16,0,17.24,4,4.272,4.344,4.319,4.303,0.000,0.000,-0.20,-1.35,19,6
2026-06-01T22_42_30,13876,-55,1.04,0,17.24,4,4.271,4.345,4.319,4.303,0.000,0.000,-0.28,-1.35,19,16
2026-06-01T22_42_30,13877,-55,1.16,0,17.24,4,4.272,4.344,4.320,4.303,0.000,0.000,-0.22,-1.22,19,5
2026-06-01T22_42_30,13878,-55,1.67,0,17.24,4,4.272,4.344,4.319,4.303,0.000,0.000,-0.18,-1.35,19,15
2026-06-01T22_42_30,13879,-49,1.54,0,17.24,4,4.272,4.344,4.320,4.303,0.000,0.000,-0.23,-1.60,19,5
2026-06-01T22_42_30,13880,-49,1.16,0,17.24,4,4.272,4.344,4.320,4.303,0.000,0.000,-0.13,-1.22,19,15
2026-06-01T22_42_30,13881,-48,1.67,0,17.24,4,4.272,4.344,4.320,4.302,0.000,0.000,-0.16,-1.47,19,5
2026-06-01T22_42_30,13882,-48,1.04,0,17.24,4,4.272,4.344,4.319,4.303,0.000,0.000,-0.22,-1.47,19,15
2026-06-01T22_42_30,13883,-48,1.04,0,17.24,4,4.272,4.344,4.320,4.303,0.000,0.000,-0.26,-1.22,19,5
2026-06-01T22_42_30,13884,-48,1.42,0,17.24,4,4.272,4.345,4.319,4.303,0.000,0.000,-0.26,-1.35,19,15
2026-06-01T22_42_30,13885,-52,1.29,0,17.24,4,4.272,4.344,4.319,4.304,0.000,0.000,-0.20,-1.22,19,4
2026-06-01T22_42_30,13886,-52,0.79,0,17.24,4,4.272,4.344,4.319,4.303,0.000,0.000,-0.23,-1.47,19,14
2026-06-01T22_42_30,13887,-53,1.67,0,17.24,4,4.272,4.344,4.319,4.303,0.000,0.000,-0.33,-1.47,19,4
2026-06-01T22_42_31,13888,-53,1.16,0,17.24,4,4.272,4.344,4.319,4.303,0.000,0.000,-0.20,-1.35,19,14
2026-06-01T22_42_31,13889,-53,1.67,0,17.24,4,4.272,4.344,4.319,4.303,0.000,0.000,-0.25,-1.35,19,4
2026-06-01T22_42_31,13890,-53,1.16,0,17.24,4,4.272,4.344,4.320,4.302,0.000,0.000,-0.30,-1.35,19,14
2026-06-01T22_42_31,13891,-48,1.29,0,17.24,4,4.272,4.344,4.319,4.303,0.000,0.000,-0.19,-1.22,19,4
2026-06-01T22_42_31,13892,-48,1.04,0,17.24,4,4.272,4.344,4.320,4.303,0.000,0.000,-0.22,-1.22,19,14
2026-06-01T22_42_31,13893,-43,1.54,0,17.24,4,4.272,4.344,4.320,4.303,0.000,0.000,-0.23,-1.22,19,3
2026-06-01T22_42_31,13894,-43,1.04,0,17.24,4,4.272,4.344,4.320,4.303,0.000,0.000,-0.25,-1.35,19,13
2026-06-01T22_42_31,13895,-46,2.17,0,17.24,4,4.272,4.344,4.320,4.304,0.000,0.000,-0.12,-1.22,19,3
2026-06-01T22_42_31,13896,-46,0.91,0,17.24,4,4.272,4.344,4.320,4.302,0.000,0.000,-0.27,-1.47,19,13
2026-06-01T22_42_31,13897,-45,1.16,0,17.24,4,4.272,4.344,4.319,4.303,0.000,0.000,-0.25,-1.60,19,3
2026-06-01T22_42_31,13898,-45,1.29,0,17.24,4,4.272,4.344,4.319,4.303,0.000,0.000,-0.19,-1.47,19,13
2026-06-01T22_42_31,13899,-45,1.29,0,17.24,4,4.272,4.344,4.319,4.303,0.000,0.000,-0.21,-1.22,19,3
2026-06-01T22_42_31,13900,-45,1.67,0,17.24,4,4.272,4.344,4.320,4.304,0.000,0.000,-0.25,-2.60,19,13
2026-06-01T22_42_31,13901,-43,1.16,0,17.24,4,4.272,4.344,4.320,4.304,0.000,0.000,-0.20,-1.47,19,2
2026-06-01T22_42_31,13902,-43,1.16,0,17.24,4,4.272,4.344,4.319,4.303,0.000,0.000,-0.17,-1.47,19,12
2026-06-01T22_42_31,13903,-46,1.42,0,17.24,4,4.272,4.344,4.320,4.303,0.000,0.000,-0.28,-1.47,19,2
2026-06-01T22_42_31,13904,-46,1.04,0,17.24,4,4.272,4.344,4.320,4.304,0.000,0.000,-0.14,-1.10,19,12
2026-06-01T22_42_31,13905,-47,1.04,0,17.24,4,4.272,4.344,4.320,4.303,0.000,0.000,-0.25,-1.47,19,2
2026-06-01T22_42_31,13906,-47,1.16,0,17.24,4,4.272,4.344,4.320,4.303,0.000,0.000,-0.24,-1.35,19,12
2026-06-01T22_42_31,13907,-44,0.91,0,17.24,4,4.272,4.344,4.319,4.303,0.000,0.000,-0.22,-1.72,19,2
2026-06-01T22_42_32,13908,-44,1.29,0,17.24,4,4.272,4.344,4.320,4.303,0.000,0.000,-0.18,-1.35,19,12
2026-06-01T22_42_32,13909,-49,1.29,0,17.24,4,4.272,4.344,4.320,4.303,0.000,0.000,-0.24,-1.35,19,1
2026-06-01T22_42_32,13910,-49,1.04,0,17.24,4,4.272,4.344,4.319,4.303,0.000,0.000,-0.27,-1.47,19,11
2026-06-01T22_42_32,13911,-48,0.91,0,17.24,4,4.272,4.344,4.319,4.303,0.000,0.000,-0.17,-1.22,19,1
2026-06-01T22_42_32,13912,-48,1.54,0,17.24,4,4.272,4.344,4.319,4.303,0.000,0.000,-0.18,-2.35,19,11
2026-06-01T22_42_32,13913,-48,1.54,0,17.24,4,4.272,4.344,4.320,4.302,0.000,0.000,-0.12,-1.22,19,1
2026-06-01T22_42_32,13914,-48,1.04,0,17.24,4,4.272,4.344,4.318,4.304,0.000,0.000,-0.24,-1.10,19,11
2026-06-01T22_42_32,13915,-48,2.04,0,17.24,4,4.272,4.345,4.320,4.304,0.000,0.000,-0.22,-1.47,19,1
2026-06-01T22_42_32,13916,-48,1.42,0,17.24,4,4.272,4.345,4.319,4.303,0.000,0.000,-0.22,-1.60,19,11
2026-06-01T22_42_32,13917,-48,0.91,0,17.24,4,4.272,4.344,4.319,4.304,0.000,0.000,-0.19,-1.10,19,1
2026-06-01T22_42_32,13918,-48,1.04,0,17.24,4,4.272,4.344,4.319,4.303,0.000,0.000,-0.19,-1.47,19,10
2026-06-01T22_42_32,13919,-48,1.04,0,17.24,4,4.272,4.344,4.319,4.305,0.000,0.000,-0.16,-1.35,19,0
2026-06-01T22_42_32,13920,-47,1.29,0,17.24,4,4.272,4.344,4.320,4.302,0.000,0.000,-0.16,-1.10,19,10
2026-06-01T22_42_32,13921,-47,1.04,0,17.24,4,4.272,4.344,4.319,4.303,0.000,0.000,-0.21,-1.22,19,0
2026-06-01T22_42_32,13922,-48,1.92,0,17.24,4,4.272,4.344,4.319,4.304,0.000,0.000,-0.20,-1.47,19,10
2026-06-01T22_42_32,13923,-48,1.29,0,17.24,4,4.272,4.345,4.319,4.303,0.000,0.000,-0.19,-1.47,19,0
2026-06-01T22_42_32,13924,-48,0.91,0,17.24,4,4.272,4.345,4.319,4.304,0.000,0.000,-0.16,-1.47,19,10
2026-06-01T22_42_32,13925,-48,1.16,0,17.24,4,4.272,4.344,4.319,4.303,0.000,0.000,-0.17,-1.22,19,0
2026-06-01T22_42_32,13926,-48,1.16,0,17.24,4,4.271,4.344,4.319,4.304,0.000,0.000,-0.19,-1.72,19,9
2026-06-01T22_42_32,13927,-48,1.04,0,17.24,4,4.272,4.345,4.319,4.303,0.000,0.000,-0.17,-1.47,19,0
2026-06-01T22_42_33,13928,-48,1.04,0,17.24,4,4.272,4.344,4.319,4.303,0.000,0.000,-0.21,-1.22,19,9
2026-06-01T22_42_33,13929,-48,0.79,0,17.24,4,4.272,4.345,4.318,4.304,0.000,0.000,-0.26,-1.47,19,0
2026-06-01T22_42_33,13930,-49,0.91,0,17.24,4,4.272,4.345,4.319,4.303,0.000,0.000,-0.26,-1.35,19,9
2026-06-01T22_42_33,13931,-49,1.42,0,17.24,4,4.272,4.345,4.319,4.304,0.000,0.000,-0.23,-1.22,19,0
2026-06-01T22_42_33,13932,-49,1.29,0,17.24,4,4.272,4.345,4.319,4.303,0.000,0.000,-0.18,-1.22,19,9
2026-06-01T22_42_33,13933,-49,1.54,0,17.24,4,4.272,4.345,4.319,4.303,0.000,0.000,-0.24,-1.60,19,0
2026-06-01T22_42_33,13934,-48,0.91,0,17.24,4,4.271,4.345,4.318,4.305,0.000,0.000,-0.19,-1.35,19,8
2026-06-01T22_42_33,13935,-48,1.04,0,17.24,4,4.271,4.345,4.319,4.304,0.000,0.000,-0.30,-1.35,19,18
2026-06-01T22_42_33,13936,-48,1.29,0,17.24,4,4.272,4.344,4.319,4.304,0.000,0.000,-0.16,-1.47,19,8
2026-06-01T22_42_33,13937,-48,1.29,0,17.24,4,4.271,4.345,4.319,4.303,0.000,0.000,-0.24,-1.60,19,18
2026-06-01T22_42_33,13938,-48,1.67,0,17.24,4,4.272,4.345,4.319,4.303,0.000,0.000,-0.23,-1.35,19,9
2026-06-01T22_42_33,13939,-48,1.16,0,17.24,4,4.271,4.345,4.319,4.303,0.000,0.000,-0.26,-1.60,19,18
2026-06-01T22_42_33,13940,-48,1.04,0,17.24,4,4.272,4.344,4.320,4.304,0.000,0.000,-0.17,-1.35,19,8
2026-06-01T22_42_33,13941,-48,1.16,0,17.24,4,4.271,4.345,4.319,4.304,0.000,0.001,-0.29,-1.22,19,18
2026-06-01T22_42_33,13942,-48,1.16,0,17.24,4,4.272,4.345,4.319,4.303,0.000,0.000,-0.25,-2.10,19,8
2026-06-01T22_42_33,13943,-48,1.54,0,17.24,4,4.271,4.345,4.319,4.303,0.000,0.000,-0.21,-1.47,19,17
2026-06-01T22_42_33,13944,-48,1.16,2,17.24,4,4.271,4.345,4.320,4.304,0.000,0.000,-0.34,-1.47,19,7
2026-06-01T22_42_33,13945,-48,1.29,0,17.24,4,4.271,4.344,4.319,4.303,0.000,0.000,-0.26,-1.22,19,17
2026-06-01T22_42_33,13946,-50,1.04,1,17.24,4,4.271,4.345,4.318,4.305,0.000,0.000,-0.30,-2.73,19,7
2026-06-01T22_42_33,13947,-50,1.42,0,17.24,4,4.271,4.345,4.319,4.302,0.000,0.000,-0.16,-1.35,19,17
2026-06-01T22_42_34,13948,-48,1.42,6,17.24,4,4.271,4.345,4.319,4.303,0.000,0.000,-0.20,-1.22,19,7
2026-06-01T22_42_34,13949,-48,1.29,7,17.24,4,4.271,4.345,4.319,4.303,0.000,0.000,-0.22,-1.47,19,17
2026-06-01T22_42_34,13950,-48,20.13,12,16.74,4,4.123,4.217,4.201,4.198,0.000,0.000,5.40,-3.73,19,6
2026-06-01T22_42_34,13951,-48,33.56,18,16.22,4,4.020,4.159,3.970,4.073,0.000,0.000,9.49,-13.40,19,16
2026-06-01T22_42_34,13952,-49,52.77,26,15.93,4,3.922,4.036,4.003,3.970,0.000,0.000,13.20,-8.00,19,6
2026-06-01T22_42_34,13953,-49,55.16,26,15.76,4,3.897,4.047,3.907,3.905,0.000,0.000,12.91,-11.26,19,16
2026-06-01T22_42_34,13954,-49,59.18,31,15.65,4,3.833,3.966,3.965,3.886,0.000,0.000,17.31,-15.40,19,6
2026-06-01T22_42_34,13955,-49,58.80,36,15.44,4,3.787,3.946,3.922,3.786,0.000,0.000,17.53,-9.63,19,16
2026-06-01T22_42_34,13956,-49,57.67,39,15.70,4,3.791,3.953,3.901,4.052,0.000,0.000,15.55,-25.33,19,5
2026-06-01T22_42_34,13957,-49,56.92,40,15.53,4,3.794,3.954,3.900,3.878,0.000,0.000,17.34,-18.04,19,15
2026-06-01T22_42_34,13958,-50,47.12,40,15.56,4,3.864,3.947,3.843,3.908,0.000,0.000,15.86,-13.03,19,5
2026-06-01T22_42_34,13959,-50,48.50,43,15.61,4,3.817,3.956,3.973,3.866,0.000,0.000,15.31,-9.89,19,15
2026-06-01T22_42_34,13960,-48,46.24,47,15.56,4,3.813,3.954,3.936,3.860,0.000,0.000,15.07,-12.65,19,5
2026-06-01T22_42_34,13961,-48,44.74,46,15.73,4,3.851,3.971,3.959,3.953,0.000,0.000,14.76,-12.65,19,15
2026-06-01T22_42_34,13962,-48,41.72,46,15.82,4,3.886,3.992,3.980,3.963,0.000,0.000,13.23,-8.50,19,5
2026-06-01T22_42_34,13963,-48,36.58,46,15.83,4,3.888,4.017,4.025,3.899,0.000,0.000,12.15,-7.25,19,14
2026-06-01T22_42_34,13964,-48,35.95,47,15.86,4,3.877,3.990,4.017,3.977,0.000,0.000,13.25,-10.89,19,4
2026-06-01T22_42_34,13965,-49,39.09,50,15.76,4,3.860,3.980,4.017,3.900,0.000,0.000,14.07,-9.88,19,14
2026-06-01T22_42_34,13966,-49,37.58,51,15.74,4,3.870,3.997,3.971,3.901,0.000,0.000,13.17,-8.38,19,4
2026-06-01T22_42_34,13967,-49,37.20,51,15.81,4,3.880,4.002,3.990,3.934,0.000,0.000,12.11,-8.25,19,14
2026-06-01T22_42_35,13968,-49,34.94,51,15.86,4,3.893,4.027,3.992,3.947,0.000,0.000,12.52,-7.37,19,4
2026-06-01T22_42_35,13969,-46,32.81,52,15.86,4,3.891,4.031,3.979,3.964,0.000,0.000,12.53,-6.87,19,14
2026-06-01T22_42_35,13970,-46,34.82,59,15.65,4,3.839,3.961,3.970,3.877,0.000,0.000,13.96,-3.10,19,3
2026-06-01T22_42_35,13971,-49,36.20,57,15.60,4,3.828,3.945,3.965,3.858,0.000,0.000,13.23,-5.86,19,14
2026-06-01T22_42_35,13972,-49,38.96,59,15.51,4,3.791,3.901,3.918,3.896,0.000,0.000,15.15,-4.36,19,3
2026-06-01T22_42_35,13973,-49,38.96,62,15.35,4,3.766,3.914,3.858,3.816,0.000,0.000,16.66,-5.74,19,13
2026-06-01T22_42_35,13974,-49,45.24,67,15.05,4,3.688,3.808,3.829,3.729,0.000,0.000,19.87,-0.59,19,3
2026-06-01T22_42_35,13975,-49,41.72,69,14.98,4,3.650,3.824,3.782,3.727,0.000,0.000,19.71,-3.10,19,13
2026-06-01T22_42_35,13976,-49,44.49,67,15.02,4,3.669,3.776,3.818,3.754,0.000,0.000,20.62,-3.11,19,3
2026-06-01T22_42_35,13977,-51,42.35,72,14.98,4,3.642,3.784,3.803,3.748,0.000,0.000,21.34,-5.11,19,13
2026-06-01T22_42_35,13978,-51,44.11,75,14.89,4,3.619,3.779,3.809,3.680,0.000,0.000,22.18,-1.72,19,2
2026-06-01T22_42_35,13979,-51,41.85,79,14.70,4,3.565,3.719,3.728,3.688,0.000,0.000,24.09,-0.09,20,1
2026-06-01T22_42_35,13980,-51,43.86,81,14.72,4,3.564,3.735,3.760,3.663,0.000,0.000,24.38,3.30,19,10
2026-06-01T22_42_35,13981,-51,40.09,83,14.69,4,3.559,3.729,3.749,3.648,0.000,0.000,23.72,4.18,19,0
2026-06-01T22_42_35,13982,-48,38.84,84,14.64,4,3.537,3.721,3.748,3.633,0.000,0.000,24.60,3.68,19,10
2026-06-01T22_42_35,13983,-48,37.71,86,14.54,4,3.536,3.702,3.706,3.593,0.000,0.000,24.50,8.20,19,1
2026-06-01T22_42_35,13984,-47,39.46,88,14.57,4,3.523,3.688,3.694,3.667,0.000,0.000,25.92,8.70,19,9
2026-06-01T22_42_35,13985,-47,37.71,89,14.51,4,3.502,3.704,3.719,3.585,0.000,0.000,25.55,12.34,19,1
2026-06-01T22_42_35,13986,-47,38.96,91,14.52,4,3.510,3.660,3.690,3.663,0.000,0.000,25.27,10.21,19,9
2026-06-01T22_42_36,13987,-47,35.07,92,14.46,4,3.520,3.685,3.682,3.571,0.000,0.000,25.39,11.59,19,1
2026-06-01T22_42_36,13988,-47,36.83,95,14.43,4,3.485,3.668,3.705,3.567,0.000,0.000,26.37,13.60,19,9
2026-06-01T22_42_36,13989,-47,35.32,96,14.38,4,3.460,3.640,3.682,3.597,0.000,0.000,26.29,14.35,19,1
2026-06-01T22_42_36,13990,-47,35.57,97,14.39,4,3.461,3.647,3.684,3.600,0.000,0.000,27.30,16.99,19,9
2026-06-01T22_42_36,13991,-47,36.70,99,14.33,4,3.449,3.657,3.666,3.561,0.000,0.000,26.52,16.36,19,0
2026-06-01T22_42_36,13992,-47,34.57,99,14.37,4,3.477,3.677,3.648,3.571,0.000,0.000,27.08,16.99,18,8
2026-06-01T22_42_36,13993,-47,30.67,99,14.42,4,3.504,3.671,3.633,3.614,0.000,0.000,27.09,16.23,19,0
2026-06-01T22_42_36,13994,-45,29.80,99,14.56,4,3.508,3.682,3.687,3.679,0.000,0.000,24.56,14.98,19,8
2026-06-01T22_42_36,13995,-45,29.42,99,14.54,4,3.530,3.711,3.681,3.613,0.000,0.000,23.03,14.98,19,0
2026-06-01T22_42_36,13996,-45,29.67,99,14.63,4,3.538,3.704,3.693,3.696,0.000,0.000,22.78,13.85,19,8
2026-06-01T22_42_36,13997,-45,28.04,99,14.63,4,3.556,3.737,3.696,3.640,0.000,0.000,22.01,13.85,19,0
2026-06-01T22_42_36,13998,-42,27.91,99,14.69,4,3.563,3.707,3.756,3.666,0.000,0.000,21.64,13.35,19,8
2026-06-01T22_42_36,13999,-42,26.28,99,14.70,4,3.586,3.717,3.712,3.684,0.000,0.000,20.54,13.10,19,17
2026-06-01T22_42_36,14000,-46,25.53,100,14.73,4,3.582,3.752,3.737,3.664,0.000,0.000,20.45,12.84,19,7
2026-06-01T22_42_36,14001,-46,24.65,99,14.77,4,3.589,3.759,3.767,3.655,0.000,0.000,20.24,13.22,19,17
2026-06-01T22_42_36,14002,-45,24.65,100,14.81,4,3.603,3.743,3.750,3.715,0.000,0.000,19.27,13.22,19,7
2026-06-01T22_42_36,14003,-45,23.52,99,14.82,4,3.611,3.753,3.743,3.708,0.000,0.000,19.08,12.34,19,17
2026-06-01T22_42_36,14004,-45,24.27,99,14.81,4,3.612,3.781,3.717,3.703,0.000,0.000,19.27,12.34,19,7
2026-06-01T22_42_36,14005,-45,23.89,99,14.84,4,3.616,3.773,3.768,3.682,0.000,0.000,18.66,12.09,19,17
2026-06-01T22_42_36,14006,-45,22.51,99,14.85,4,3.618,3.792,3.766,3.675,0.000,0.000,18.47,12.47,19,7
2026-06-01T22_42_37,14007,-45,22.51,99,14.90,4,3.620,3.787,3.775,3.721,0.000,0.000,18.20,12.59,19,17
2026-06-01T22_42_37,14008,-43,22.76,99,14.91,4,3.626,3.785,3.794,3.701,0.000,0.000,18.00,12.59,19,6
2026-06-01T22_42_37,14009,-43,22.51,99,14.94,4,3.629,3.787,3.777,3.745,0.000,0.000,17.83,12.34,19,16
2026-06-01T22_42_37,14010,-44,22.64,100,14.91,4,3.636,3.776,3.788,3.713,0.000,0.000,17.63,12.09,19,6
2026-06-01T22_42_37,14011,-44,22.39,99,14.95,4,3.635,3.785,3.782,3.752,0.000,0.000,17.25,11.71,19,16
2026-06-01T22_42_37,14012,-43,22.51,99,14.95,4,3.643,3.787,3.792,3.726,0.000,0.000,17.48,11.59,19,6
2026-06-01T22_42_37,14013,-43,22.64,99,14.95,4,3.642,3.792,3.798,3.721,0.000,0.000,17.29,11.46,19,16
2026-06-01T22_42_37,14014,-45,21.13,100,14.97,4,3.644,3.799,3.784,3.746,0.000,0.000,17.07,11.71,19,6
2026-06-01T22_42_37,14015,-45,21.38,99,14.97,4,3.648,3.797,3.793,3.728,0.000,0.000,17.01,11.46,19,16
2026-06-01T22_42_37,14016,-44,66.21,99,14.96,4,3.639,3.796,3.810,3.718,0.000,0.000,17.57,11.71,19,5
2026-06-01T22_42_37,14017,-44,20.38,99,14.98,4,3.644,3.812,3.784,3.740,0.000,0.000,16.65,10.08,19,15
2026-06-01T22_42_37,14018,-44,23.77,99,14.97,4,3.656,3.796,3.787,3.731,0.000,0.000,16.86,11.21,19,5
2026-06-01T22_42_37,14019,-44,21.38,99,14.97,4,3.655,3.793,3.790,3.732,0.000,0.000,16.63,11.71,19,15
2026-06-01T22_42_37,14020,-42,20.75,99,14.97,4,3.662,3.803,3.768,3.736,0.000,0.000,16.43,10.84,19,5
2026-06-01T22_42_37,14021,-42,20.25,99,14.98,4,3.661,3.806,3.756,3.756,0.000,0.000,16.26,11.21,19,15
2026-06-01T22_42_37,14022,-42,20.38,100,14.97,4,3.666,3.790,3.783,3.734,0.000,0.000,16.21,11.59,19,5
2026-06-01T22_42_37,14023,-41,20.25,99,14.97,4,3.666,3.788,3.797,3.720,0.000,0.000,16.44,11.09,19,15
2026-06-01T22_42_37,14024,-41,20.75,99,15.00,4,3.664,3.795,3.782,3.758,0.000,0.000,16.19,10.83,19,4
2026-06-01T22_42_37,14025,-39,20.38,99,15.00,4,3.658,3.804,3.788,3.744,0.000,0.000,16.11,11.46,19,14
2026-06-01T22_42_37,14026,-39,20.88,100,15.00,4,3.652,3.798,3.809,3.741,0.000,0.000,16.26,11.34,19,4
2026-06-01T22_42_38,14027,-45,20.25,99,14.98,4,3.657,3.806,3.794,3.722,0.000,0.000,16.09,10.96,19,14
2026-06-01T22_42_38,14028,-45,21.01,99,14.99,4,3.661,3.808,3.798,3.727,0.000,0.000,16.08,10.83,19,4
2026-06-01T22_42_38,14029,-45,20.50,99,14.99,4,3.662,3.800,3.799,3.728,0.000,0.000,16.14,11.21,19,14
2026-06-01T22_42_38,14030,-45,20.13,96,14.99,4,3.662,3.804,3.788,3.737,0.000,0.000,15.97,10.58,19,4
2026-06-01T22_42_38,14031,-45,20.00,99,15.00,4,3.662,3.801,3.777,3.762,0.000,0.000,15.85,10.71,19,14
2026-06-01T22_42_38,14032,-45,20.75,99,15.01,4,3.658,3.804,3.776,3.767,0.000,0.000,15.76,10.58,19,4
2026-06-01T22_42_38,14033,-43,19.75,99,15.01,4,3.660,3.802,3.779,3.764,0.000,0.000,15.83,9.58,19,14
2026-06-01T22_42_38,14034,-43,20.63,99,15.01,4,3.659,3.788,3.808,3.759,0.000,0.000,15.78,10.46,19,3
2026-06-01T22_42_38,14035,-46,20.13,99,14.99,4,3.663,3.791,3.807,3.726,0.000,0.000,15.76,10.58,19,13
2026-06-01T22_42_38,14036,-46,20.00,99,14.98,4,3.653,3.802,3.808,3.719,0.000,0.000,15.82,10.46,19,3
2026-06-01T22_42_38,14037,-46,19.50,99,14.98,4,3.661,3.800,3.782,3.732,0.000,0.000,15.63,10.33,19,13
2026-06-01T22_42_38,14038,-46,26.28,99,14.99,4,3.662,3.808,3.769,3.748,0.000,0.000,16.03,10.21,19,3
2026-06-01T22_42_38,14039,-46,20.25,99,14.99,4,3.661,3.808,3.762,3.764,0.000,0.000,15.73,10.21,19,13
2026-06-01T22_42_38,14040,-46,19.62,99,14.98,4,3.662,3.798,3.772,3.751,0.000,0.000,15.56,10.96,19,2
2026-06-01T22_42_38,14041,-46,20.50,99,14.99,4,3.663,3.789,3.797,3.738,0.000,0.000,15.80,10.71,19,12
2026-06-01T22_42_38,14042,-46,20.50,99,14.98,4,3.661,3.793,3.801,3.721,0.000,0.000,15.81,10.21,19,2
2026-06-01T22_42_38,14043,-42,19.25,99,14.95,4,3.656,3.802,3.804,3.693,0.000,0.000,15.61,10.33,19,12
2026-06-01T22_42_38,14044,-42,19.25,99,14.97,4,3.657,3.810,3.774,3.726,0.000,0.000,15.71,11.09,19,2
2026-06-01T22_42_38,14045,-46,19.12,99,14.97,4,3.657,3.813,3.771,3.726,0.000,0.000,15.63,10.08,19,12
2026-06-01T22_42_38,14046,-46,19.62,99,14.99,4,3.661,3.803,3.767,3.754,0.000,0.000,15.54,10.58,19,2
2026-06-01T22_42_39,14047,-45,19.50,99,14.98,4,3.659,3.798,3.782,3.746,0.000,0.000,15.60,10.21,19,12
2026-06-01T22_42_39,14048,-45,18.87,99,14.97,4,3.645,3.800,3.776,3.753,0.000,0.000,15.57,10.46,19,2
2026-06-01T22_42_39,14049,-41,20.00,99,14.99,4,3.654,3.793,3.808,3.732,0.000,0.000,15.53,9.58,19,11
2026-06-01T22_42_39,14050,-41,19.50,99,14.98,4,3.657,3.788,3.787,3.749,0.000,0.000,15.61,10.33,19,1
2026-06-01T22_42_39,14051,-46,19.75,99,14.96,4,3.657,3.792,3.795,3.712,0.000,0.000,15.62,10.08,19,11
2026-06-01T22_42_39,14052,-46,19.87,99,14.97,4,3.648,3.801,3.777,3.743,0.000,0.000,15.51,10.21,19,1
2026-06-01T22_42_39,14053,-42,19.25,99,14.96,4,3.650,3.805,3.768,3.735,0.000,0.000,15.49,10.71,19,11
2026-06-01T22_42_39,14054,-42,19.88,99,14.98,4,3.645,3.798,3.769,3.771,0.000,0.000,15.32,10.71,19,1
2026-06-01T22_42_39,14055,-45,18.62,99,14.96,4,3.647,3.799,3.764,3.754,0.000,0.000,15.34,11.34,19,11
2026-06-01T22_42_39,14056,-45,19.12,99,14.97,4,3.644,3.798,3.787,3.741,0.000,0.000,15.23,9.96,19,1
2026-06-01T22_42_39,14057,-45,20.00,99,14.96,4,3.650,3.791,3.797,3.720,0.000,0.000,15.63,11.34,18,11
2026-06-01T22_42_39,14058,-45,19.25,100,14.95,4,3.647,3.794,3.782,3.726,0.000,0.000,15.35,10.83,19,0
2026-06-01T22_42_39,14059,-41,20.50,99,14.92,4,3.651,3.788,3.775,3.705,0.000,0.000,15.47,10.46,19,10
2026-06-01T22_42_39,14060,-41,20.50,99,14.94,4,3.656,3.783,3.766,3.734,0.000,0.000,15.42,10.21,19,0
2026-06-01T22_42_39,14061,-45,18.49,99,14.96,4,3.651,3.796,3.756,3.755,0.000,0.000,15.37,9.70,19,10
2026-06-01T22_42_39,14062,-45,18.62,99,14.95,4,3.647,3.797,3.759,3.749,0.000,0.000,15.29,10.58,19,0
2026-06-01T22_42_39,14063,-45,19.00,99,14.95,4,3.648,3.792,3.771,3.740,0.000,0.000,15.31,10.71,18,10
2026-06-01T22_42_39,14064,-42,19.12,100,14.94,4,3.645,3.794,3.785,3.715,0.000,0.000,15.45,10.58,19,0
2026-06-01T22_42_39,14065,-42,19.75,99,14.93,4,3.647,3.797,3.783,3.699,0.000,0.000,15.49,11.34,18,9
2026-06-01T22_42_39,14066,-45,19.75,99,14.92,4,3.651,3.792,3.762,3.713,0.000,0.000,15.30,10.58,19,1
2026-06-01T22_42_40,14067,-45,19.37,99,14.92,4,3.647,3.785,3.772,3.713,0.000,0.000,15.33,10.33,19,9
2026-06-01T22_42_40,14068,-46,19.37,99,14.94,4,3.643,3.797,3.752,3.748,0.000,0.000,15.28,10.58,19,1
2026-06-01T22_42_40,14069,-46,19.37,99,14.95,4,3.643,3.788,3.774,3.744,0.000,0.000,15.36,9.58,19,9
2026-06-01T22_42_40,14070,-44,18.87,99,14.94,4,3.640,3.790,3.776,3.738,0.000,0.000,15.06,9.70,19,1
2026-06-01T22_42_40,14071,-44,18.24,99,14.93,4,3.639,3.795,3.773,3.728,0.000,0.000,15.05,10.08,19,9
2026-06-01T22_42_40,14072,-46,19.75,99,14.92,4,3.637,3.789,3.782,3.715,0.000,0.000,15.19,10.08,19,1
2026-06-01T22_42_40,14073,-46,19.75,99,14.91,4,3.639,3.796,3.764,3.714,0.000,0.000,15.27,9.58,19,8
2026-06-01T22_42_40,14074,-46,18.37,99,14.92,4,3.640,3.792,3.762,3.723,0.000,0.000,15.14,9.70,19,0
2026-06-01T22_42_40,14075,-46,20.00,99,14.93,4,3.641,3.781,3.767,3.737,0.000,0.000,15.20,10.46,19,8
2026-06-01T22_42_40,14076,-46,18.87,99,14.93,4,3.636,3.788,3.755,3.754,0.000,0.000,15.18,10.08,19,0
2026-06-01T22_42_40,14077,-46,19.62,99,14.94,4,3.632,3.791,3.760,3.757,0.000,0.000,15.22,9.83,19,8
2026-06-01T22_42_40,14078,-45,19.75,99,14.92,4,3.641,3.782,3.758,3.737,0.000,0.000,15.25,10.08,19,0
2026-06-01T22_42_40,14079,-51,18.75,99,14.91,4,3.641,3.785,3.757,3.728,0.000,0.000,15.24,9.58,19,14
2026-06-01T22_42_40,14080,-51,18.87,99,14.92,4,3.639,3.786,3.753,3.744,0.000,0.000,15.08,10.08,19,3
2026-06-01T22_42_40,14081,-48,18.49,99,14.92,4,3.636,3.787,3.763,3.736,0.000,0.000,15.15,9.83,19,13
2026-06-01T22_42_40,14082,-48,19.50,99,14.92,4,3.639,3.779,3.785,3.715,0.000,0.000,15.08,9.83,19,3
2026-06-01T22_42_40,14083,-47,15.98,95,15.13,4,3.695,3.824,3.829,3.784,0.000,0.000,12.36,7.57,19,13
2026-06-01T22_42_40,14084,-47,15.98,95,15.28,4,3.743,3.871,3.855,3.816,0.000,0.000,10.93,5.94,19,3
2026-06-01T22_42_40,14085,-45,12.84,90,15.47,4,3.796,3.920,3.871,3.885,0.000,0.000,8.09,3.17,19,13
2026-06-01T22_42_41,14086,-45,11.96,86,15.71,4,3.865,3.974,3.949,3.922,0.000,0.000,5.64,1.29,19,3
2026-06-01T22_42_41,14087,-47,9.83,82,15.82,4,3.903,4.001,3.980,3.933,0.000,0.000,3.71,-1.22,19,13
2026-06-01T22_42_41,14088,-47,9.58,79,15.88,4,3.916,4.015,3.997,3.956,0.000,0.000,3.73,-1.72,19,3
2026-06-01T22_42_41,14089,-47,8.70,78,16.00,4,3.953,4.049,4.004,3.995,0.000,0.000,2.23,-3.61,19,13
2026-06-01T22_42_41,14090,-47,8.70,75,16.15,4,3.994,4.074,4.055,4.030,0.000,0.000,0.89,-5.36,19,2
2026-06-01T22_42_41,14091,-46,6.31,71,16.27,4,4.030,4.106,4.092,4.046,0.000,0.002,-1.64,-8.13,19,12
2026-06-01T22_42_41,14092,-46,4.43,67,16.45,4,4.078,4.150,4.115,4.106,0.000,0.004,-2.33,-10.64,19,2
2026-06-01T22_42_41,14093,-46,5.31,66,16.41,4,4.066,4.154,4.129,4.066,0.000,0.004,-1.92,-10.01,19,12
2026-06-01T22_42_41,14094,-46,5.69,60,16.54,4,4.108,4.190,4.172,4.071,0.000,0.010,-2.54,-13.02,19,2
2026-06-01T22_42_41,14095,-47,2.80,60,16.66,4,4.130,4.211,4.161,4.162,0.000,0.006,-3.73,-14.15,19,12
2026-06-01T22_42_41,14096,-47,3.30,59,16.65,4,4.128,4.196,4.155,4.168,0.000,0.005,-4.13,-13.78,19,2
2026-06-01T22_42_41,14097,-47,2.92,55,16.73,4,4.147,4.221,4.186,4.179,0.000,0.009,-5.17,-14.41,19,12
2026-06-01T22_42_41,14098,-47,2.80,55,16.65,4,4.133,4.200,4.158,4.160,0.000,0.007,-3.92,-13.15,19,2
2026-06-01T22_42_41,14099,-47,3.30,53,16.68,4,4.137,4.187,4.186,4.167,0.000,0.005,-3.45,-12.77,19,12
2026-06-01T22_42_41,14100,-47,3.05,55,16.62,4,4.124,4.203,4.165,4.125,0.000,0.005,-2.78,-12.40,19,1
2026-06-01T22_42_41,14101,-47,3.80,51,16.65,4,4.129,4.195,4.165,4.156,0.000,0.004,-3.82,-12.65,18,11
2026-06-01T22_42_41,14102,-47,4.43,51,16.61,4,4.112,4.194,4.130,4.175,0.000,0.004,-2.34,-10.76,19,1
2026-06-01T22_42_41,14103,-45,4.18,51,16.52,4,4.096,4.178,4.119,4.129,0.000,0.002,-1.66,-9.38,19,11
2026-06-01T22_42_41,14104,-45,5.56,51,16.47,4,4.087,4.151,4.136,4.096,0.000,0.000,-0.69,-8.00,19,1
2026-06-01T22_42_41,14105,-45,5.81,50,16.44,4,4.071,4.161,4.126,4.085,0.000,0.000,-0.47,-7.00,19,11
2026-06-01T22_42_42,14106,-45,8.57,48,16.42,4,4.059,4.135,4.105,4.119,0.000,0.000,-0.06,-6.87,19,1
2026-06-01T22_42_42,14107,-46,9.20,50,16.37,4,4.049,4.127,4.093,4.096,0.000,0.000,0.60,-5.87,19,11
2026-06-01T22_42_42,14108,-46,9.08,48,16.33,4,4.043,4.119,4.092,4.080,0.000,0.000,1.18,-5.49,19,1
2026-06-01T22_42_42,14109,-44,8.95,50,16.32,4,4.028,4.100,4.123,4.068,0.000,0.000,1.20,-4.23,19,10
2026-06-01T22_42_42,14110,-44,11.09,51,16.28,4,4.023,4.100,4.089,4.065,0.000,0.000,2.10,-3.98,19,1
2026-06-01T22_42_42,14111,-45,11.21,50,16.23,4,4.009,4.098,4.081,4.046,0.000,0.000,2.82,-4.11,18,10
2026-06-01T22_42_42,14112,-45,11.84,48,16.22,4,3.998,4.109,4.075,4.038,0.000,0.000,2.16,-3.86,19,0
2026-06-01T22_42_42,14113,-43,12.59,51,16.19,4,4.002,4.099,4.041,4.046,0.000,0.000,2.99,-3.86,19,10
2026-06-01T22_42_42,14114,-43,13.35,51,16.18,4,3.993,4.088,4.079,4.021,0.000,0.000,3.07,-3.36,19,0
2026-06-01T22_42_42,14115,-47,13.34,50,16.16,4,3.987,4.080,4.066,4.032,0.000,0.000,2.95,-3.73,19,10
2026-06-01T22_42_42,14116,-47,14.35,50,16.18,4,3.987,4.080,4.048,4.070,0.000,0.000,3.87,-3.98,19,1
2026-06-01T22_42_42,14117,-47,13.97,50,16.15,4,3.983,4.091,4.056,4.020,0.000,0.000,3.84,-3.23,19,9
2026-06-01T22_42_42,14118,-47,13.97,50,16.14,4,3.974,4.094,4.041,4.035,0.000,0.000,3.54,-3.86,19,1
2026-06-01T22_42_42,14119,-47,15.35,51,16.13,4,3.967,4.106,4.033,4.024,0.000,0.000,3.90,-4.61,19,9
2026-06-01T22_42_42,14120,-47,15.61,50,16.12,4,3.974,4.055,4.044,4.045,0.000,0.000,4.03,-2.85,19,0
2026-06-01T22_42_42,14121,-47,14.60,51,16.06,4,3.957,4.054,4.044,4.003,0.000,0.000,4.15,-3.35,19,9
2026-06-01T22_42_42,14122,-47,14.47,51,16.10,4,3.948,4.060,4.029,4.065,0.000,0.000,4.50,-3.73,19,0
2026-06-01T22_42_42,14123,-47,16.73,52,16.04,4,3.945,4.064,4.042,3.990,0.000,0.000,4.68,-3.36,19,9
2026-06-01T22_42_42,14124,-45,17.87,52,15.97,4,3.940,4.031,4.038,3.965,0.000,0.000,5.59,-2.85,19,0
2026-06-01T22_42_42,14125,-45,19.37,54,15.91,4,3.915,4.029,3.980,3.981,0.000,0.000,7.17,-3.48,19,8
2026-06-01T22_42_43,14126,-47,22.39,56,15.73,4,3.894,3.956,3.948,3.929,0.000,0.000,7.88,-2.10,19,0
2026-06-01T22_42_43,14127,-47,26.53,59,15.65,4,3.835,3.957,3.951,3.911,0.000,0.000,9.94,-2.35,19,8
2026-06-01T22_42_43,14128,-48,27.41,61,15.41,4,3.808,3.881,3.900,3.819,0.000,0.000,12.06,-3.73,19,18
2026-06-01T22_42_43,14129,-48,33.82,66,15.23,4,3.727,3.869,3.871,3.763,0.000,0.000,14.77,-3.73,19,8
2026-06-01T22_42_43,14130,-47,34.94,68,15.00,4,3.694,3.795,3.766,3.742,0.000,0.000,16.31,-1.47,19,18
2026-06-01T22_42_43,14131,-47,40.09,75,14.83,4,3.602,3.779,3.789,3.664,0.000,0.000,20.72,-0.97,19,7
2026-06-01T22_42_43,14132,-47,36.95,75,14.82,4,3.622,3.724,3.782,3.693,0.000,0.000,19.28,-2.47,19,17
2026-06-01T22_42_43,14133,-47,40.72,80,14.63,4,3.548,3.743,3.721,3.617,0.000,0.000,22.90,3.93,19,7
2026-06-01T22_42_43,14134,-47,38.58,81,14.47,4,3.521,3.692,3.625,3.629,0.000,0.000,22.46,1.54,19,17
2026-06-01T22_42_43,14135,-47,42.48,85,14.39,4,3.494,3.659,3.642,3.592,0.000,0.000,24.29,6.56,19,7
2026-06-01T22_42_43,14136,-47,41.73,88,14.22,4,3.441,3.640,3.571,3.572,0.000,0.000,26.00,7.07,18,17
2026-06-01T22_42_43,14137,-47,41.22,93,14.22,4,3.406,3.612,3.615,3.583,0.000,0.000,27.72,11.96,19,6
2026-06-01T22_42_43,14138,-47,39.34,94,13.99,4,3.391,3.591,3.522,3.490,0.000,0.000,28.37,13.60,19,16
2026-06-01T22_42_43,14139,-47,40.85,97,13.98,4,3.349,3.550,3.565,3.514,0.000,0.000,30.21,16.86,19,6
2026-06-01T22_42_43,14140,-45,38.34,98,13.93,4,3.348,3.556,3.535,3.489,0.000,0.000,29.94,17.74,19,16
2026-06-01T22_42_43,14141,-45,37.58,99,14.02,4,3.374,3.583,3.540,3.523,0.000,0.000,28.50,15.98,19,6
2026-06-01T22_42_43,14142,-46,35.45,99,14.07,4,3.404,3.580,3.579,3.510,0.000,0.000,26.95,14.60,19,16
2026-06-01T22_42_43,14143,-46,34.32,100,14.16,4,3.424,3.603,3.601,3.535,0.000,0.000,26.23,15.11,19,6
2026-06-01T22_42_43,14144,-46,32.18,99,14.25,4,3.441,3.619,3.607,3.582,0.000,0.000,23.64,13.60,19,16
2026-06-01T22_42_43,14145,-46,32.06,100,14.31,4,3.450,3.641,3.646,3.571,0.000,0.000,23.19,14.23,19,5
2026-06-01T22_42_44,14146,-46,29.17,99,14.32,4,3.470,3.666,3.627,3.562,0.000,0.000,23.02,14.73,19,15
2026-06-01T22_42_44,14147,-46,27.91,99,14.43,4,3.479,3.668,3.642,3.639,0.000,0.000,21.10,13.72,19,5
2026-06-01T22_42_44,14148,-45,26.15,99,14.41,4,3.496,3.686,3.663,3.570,0.000,0.000,20.83,13.22,19,15
2026-06-01T22_42_44,14149,-45,24.40,99,14.51,4,3.499,3.685,3.681,3.645,0.000,0.000,20.41,14.10,19,5
2026-06-01T22_42_44,14150,-46,25.40,99,14.50,4,3.516,3.705,3.656,3.624,0.000,0.000,19.62,12.84,19,15
2026-06-01T22_42_44,14151,-46,24.90,99,14.55,4,3.521,3.715,3.680,3.637,0.000,0.000,19.44,12.59,19,5
2026-06-01T22_42_44,14152,-45,24.77,99,14.60,4,3.533,3.705,3.693,3.672,0.000,0.000,18.98,12.72,19,15
2026-06-01T22_42_44,14153,-45,23.14,99,14.60,4,3.542,3.722,3.680,3.653,0.000,0.000,18.39,11.97,19,4
2026-06-01T22_42_44,14154,-45,24.02,99,14.61,4,3.545,3.735,3.687,3.643,0.000,0.000,18.52,11.84,19,14
2026-06-01T22_42_44,14155,-45,23.02,96,14.64,4,3.545,3.741,3.707,3.644,0.000,0.000,17.99,11.46,19,4
2026-06-01T22_42_44,14156,-45,22.76,99,14.65,4,3.557,3.727,3.716,3.654,0.000,0.000,17.48,11.71,19,14
2026-06-01T22_42_44,14157,-45,21.51,97,14.69,4,3.561,3.733,3.710,3.687,0.000,0.000,17.19,11.97,19,4
2026-06-01T22_42_44,14158,-45,22.89,99,14.71,4,3.563,3.744,3.704,3.695,0.000,0.000,17.15,12.09,19,14
2026-06-01T22_42_44,14159,-45,20.88,99,14.69,4,3.579,3.725,3.718,3.669,0.000,0.000,16.91,11.34,19,4
2026-06-01T22_42_44,14160,-45,20.63,99,14.70,4,3.574,3.747,3.712,3.671,0.000,0.000,16.55,11.46,19,13
2026-06-01T22_42_44,14161,-45,20.25,99,14.71,4,3.579,3.750,3.707,3.673,0.000,0.000,16.43,11.34,19,3
2026-06-01T22_42_44,14162,-45,21.76,99,14.71,4,3.583,3.756,3.714,3.661,0.000,0.000,16.39,10.08,19,13
2026-06-01T22_42_44,14163,-45,22.64,99,14.74,4,3.580,3.757,3.726,3.672,0.000,0.000,16.35,10.71,19,3
2026-06-01T22_42_44,14164,-45,20.38,99,14.74,4,3.579,3.754,3.724,3.683,0.000,0.000,16.17,11.34,19,13
2026-06-01T22_42_44,14165,-45,19.75,99,14.75,4,3.587,3.756,3.729,3.681,0.000,0.000,16.00,11.46,19,3
2026-06-01T22_42_45,14166,-45,20.25,99,14.76,4,3.593,3.762,3.708,3.694,0.000,0.000,15.91,11.21,19,13
2026-06-01T22_42_45,14167,-45,19.75,99,14.74,4,3.596,3.759,3.726,3.658,0.000,0.000,15.86,11.46,19,3
2026-06-01T22_42_45,14168,-45,20.75,99,14.76,4,3.592,3.771,3.716,3.684,0.000,0.000,15.84,9.08,19,12
2026-06-01T22_42_45,14169,-45,20.50,100,14.77,4,3.592,3.770,3.727,3.680,0.000,0.000,15.68,10.21,19,2
2026-06-01T22_42_45,14170,-45,20.38,99,14.77,4,3.598,3.754,3.740,3.677,0.000,0.000,15.44,10.08,18,12
2026-06-01T22_42_45,14171,-45,19.12,99,14.78,4,3.590,3.770,3.729,3.693,0.000,0.000,15.40,9.70,19,2
2026-06-01T22_42_45,14172,-45,19.25,99,14.78,4,3.597,3.767,3.721,3.694,0.000,0.000,15.35,10.58,19,12
2026-06-01T22_42_45,14173,-45,20.00,97,14.79,4,3.600,3.753,3.730,3.702,0.000,0.000,15.07,10.71,19,2
2026-06-01T22_42_45,14174,-45,20.63,99,14.78,4,3.604,3.753,3.729,3.694,0.000,0.000,15.28,9.96,19,12
2026-06-01T22_42_45,14175,-44,20.63,99,14.80,4,3.599,3.762,3.720,3.718,0.000,0.000,15.29,10.33,19,2
2026-06-01T22_42_45,14176,-44,19.50,99,14.79,4,3.598,3.765,3.724,3.707,0.000,0.000,15.38,10.21,19,11
2026-06-01T22_42_45,14177,-45,18.49,99,14.79,4,3.604,3.755,3.734,3.699,0.000,0.000,15.24,9.83,19,1
2026-06-01T22_42_45,14178,-45,19.12,99,14.80,4,3.595,3.765,3.743,3.696,0.000,0.000,15.14,10.71,19,11
2026-06-01T22_42_45,14179,-41,19.25,99,14.80,4,3.604,3.764,3.711,3.721,0.000,0.000,15.10,9.70,20,16
2026-06-01T22_42_45,14180,-45,19.75,100,14.79,4,3.601,3.770,3.731,3.683,0.000,0.000,15.17,10.33,19,5
2026-06-01T22_42_45,14181,-45,18.49,99,14.81,4,3.604,3.767,3.727,3.711,0.000,0.000,15.02,10.46,19,15
2026-06-01T22_42_45,14182,-45,18.24,99,14.82,4,3.603,3.776,3.728,3.712,0.000,0.000,14.76,10.21,19,5
2026-06-01T22_42_45,14183,-45,18.37,99,14.81,4,3.604,3.759,3.748,3.697,0.000,0.000,14.94,10.33,19,14
2026-06-01T22_42_46,14184,-39,18.24,99,14.83,4,3.600,3.768,3.742,3.718,0.000,0.000,14.64,9.96,19,4
2026-06-01T22_42_46,14185,-39,18.37,99,14.84,4,3.594,3.769,3.746,3.735,0.000,0.000,14.70,9.58,19,14
2026-06-01T22_42_46,14186,-46,19.75,99,14.83,4,3.591,3.770,3.738,3.730,0.000,0.000,14.85,10.21,19,4
2026-06-01T22_42_46,14187,-46,19.25,99,14.81,4,3.600,3.755,3.757,3.695,0.000,0.000,14.70,9.45,19,14
2026-06-01T22_42_46,14188,-42,19.00,99,14.80,4,3.599,3.767,3.740,3.693,0.000,0.000,14.78,10.58,19,4
2026-06-01T22_42_46,14189,-42,19.37,98,14.80,4,3.598,3.778,3.729,3.698,0.000,0.000,14.85,10.58,19,14
2026-06-01T22_42_46,14190,-45,18.74,99,14.79,4,3.598,3.772,3.728,3.697,0.000,0.000,14.88,9.70,19,4
2026-06-01T22_42_46,14191,-45,18.87,98,14.78,4,3.599,3.776,3.738,3.664,0.000,0.000,14.84,10.08,19,13
2026-06-01T22_42_46,14192,-46,19.62,99,14.80,4,3.601,3.778,3.732,3.690,0.000,0.000,14.76,9.33,19,3
2026-06-01T22_42_46,14193,-46,19.75,99,14.80,4,3.601,3.787,3.717,3.699,0.000,0.000,14.58,10.08,19,13
2026-06-01T22_42_46,14194,-45,18.62,99,14.81,4,3.603,3.771,3.745,3.693,0.000,0.000,14.54,9.58,19,3
2026-06-01T22_42_46,14195,-45,18.62,98,14.82,4,3.608,3.766,3.744,3.701,0.000,0.000,14.29,9.96,19,13
2026-06-01T22_42_46,14196,-45,16.74,99,14.94,4,3.629,3.802,3.755,3.750,0.000,0.000,13.31,8.45,19,3
2026-06-01T22_42_46,14197,-45,15.98,95,15.04,4,3.660,3.817,3.777,3.782,0.000,0.000,11.89,7.57,19,13
2026-06-01T22_42_46,14198,-45,14.22,91,15.25,4,3.731,3.864,3.842,3.810,0.000,0.000,9.37,4.30,19,3
2026-06-01T22_42_46,14199,-45,12.34,89,15.37,4,3.763,3.898,3.865,3.844,0.000,0.000,7.42,2.42,19,12
2026-06-01T22_42_46,14200,-45,10.71,82,15.59,4,3.832,3.950,3.927,3.883,0.000,0.000,5.06,-0.09,19,2
2026-06-01T22_42_46,14201,-45,6.56,77,15.92,4,3.920,4.038,3.980,3.982,0.000,0.002,0.59,-5.62,19,12
2026-06-01T22_42_46,14202,-45,2.55,64,16.38,4,4.051,4.140,4.102,4.087,0.000,0.006,-4.55,-13.78,19,2
2026-06-01T22_42_46,14203,-45,2.54,59,16.64,4,4.127,4.186,4.166,4.165,0.000,0.019,-7.25,-20.94,20,12
2026-06-01T22_42_47,14204,-40,4.55,52,16.87,4,4.193,4.268,4.194,4.216,0.000,0.024,-10.04,-26.46,19,2
2026-06-01T22_42_47,14205,-40,4.93,48,16.86,4,4.196,4.263,4.198,4.201,0.000,0.023,-10.17,-29.22,19,12
2026-06-01T22_42_47,14206,-45,6.69,39,17.02,4,4.259,4.295,4.191,4.273,0.000,0.017,-12.11,-41.03,19,2
2026-06-01T22_42_47,14207,-45,5.93,32,17.03,4,4.251,4.287,4.286,4.207,0.000,0.026,-12.33,-39.02,19,12
2026-06-01T22_42_47,14208,-44,10.08,19,17.11,4,4.248,4.330,4.239,4.291,0.000,0.024,-11.25,-41.53,19,2
2026-06-01T22_42_47,14209,-44,12.08,14,17.02,4,4.236,4.281,4.259,4.242,0.000,0.019,-11.35,-54.59,19,12
2026-06-01T22_42_47,14210,-45,15.35,0,16.71,4,4.147,4.214,4.145,4.204,0.000,0.007,-5.82,-48.69,19,2
2026-06-01T22_42_47,14211,-45,13.09,0,16.57,4,4.120,4.190,4.116,4.148,0.000,0.008,-4.37,-48.31,19,12
2026-06-01T22_42_47,14212,-45,12.84,0,16.53,4,4.098,4.169,4.151,4.107,0.000,0.004,-4.85,-44.17,19,2
2026-06-01T22_42_47,14213,-45,10.20,0,16.51,4,4.082,4.159,4.114,4.159,0.000,0.003,-1.97,-39.27,19,12
2026-06-01T22_42_47,14214,-42,10.58,0,16.46,4,4.067,4.149,4.117,4.125,0.000,0.000,-2.39,-36.13,19,2
2026-06-01T22_42_47,14215,-42,2.79,0,16.41,4,4.061,4.149,4.107,4.089,0.000,0.001,-2.21,-25.21,19,11
2026-06-01T22_42_47,14216,-44,2.67,1,16.36,4,4.049,4.145,4.087,4.080,0.000,0.002,-1.12,-14.66,18,1
2026-06-01T22_42_47,14217,-44,1.79,0,16.36,4,4.045,4.136,4.095,4.088,0.000,0.000,-1.14,-13.03,19,11
2026-06-01T22_42_47,14218,-42,1.16,0,16.35,4,4.039,4.134,4.092,4.081,0.000,0.000,-0.88,-4.74,19,1
2026-06-01T22_42_47,14219,-42,0.91,0,16.34,4,4.037,4.131,4.093,4.078,0.000,0.000,-0.63,-2.98,19,11
2026-06-01T22_42_47,14220,-42,1.67,0,16.33,4,4.035,4.131,4.092,4.077,0.000,0.000,-0.59,-3.23,19,1
2026-06-01T22_42_47,14221,-45,1.29,0,16.33,4,4.034,4.130,4.090,4.076,0.000,0.000,-0.47,-1.97,19,11
2026-06-01T22_42_47,14222,-45,1.04,0,16.33,4,4.034,4.129,4.092,4.076,0.000,0.000,-0.43,-1.72,19,1
2026-06-01T22_42_47,14223,-45,0.79,3,16.33,4,4.032,4.128,4.090,4.075,0.000,0.000,-0.38,-1.60,19,10
2026-06-01T22_42_48,14224,-45,1.54,3,16.33,4,4.033,4.129,4.092,4.075,0.000,0.000,-0.31,-1.47,18,0
2026-06-01T22_42_48,14225,-45,1.04,3,16.33,4,4.034,4.129,4.092,4.076,0.000,0.000,-0.23,-1.60,19,10
2026-06-01T22_42_48,14226,-45,1.16,4,16.33,4,4.034,4.130,4.092,4.076,0.000,0.000,-0.24,-1.72,19,0
2026-06-01T22_42_48,14227,-45,3.42,8,16.29,4,4.021,4.118,4.084,4.065,0.000,0.000,0.55,-1.47,19,10
2026-06-01T22_42_48,14228,-45,13.85,19,15.82,4,3.887,4.019,3.976,3.943,0.000,0.000,3.73,-2.98,19,0
2026-06-01T22_42_48,14229,-46,58.30,30,15.27,4,3.717,3.909,3.903,3.741,0.000,0.000,16.11,-11.51,19,9
2026-06-01T22_42_48,14230,-46,60.06,36,14.74,4,3.642,3.826,3.740,3.535,0.000,0.000,18.32,-8.88,19,1
2026-06-01T22_42_48,14231,-39,55.28,41,14.92,4,3.601,3.790,3.868,3.656,0.000,0.000,18.00,-15.66,19,9
2026-06-01T22_42_48,14232,-39,51.64,41,15.11,4,3.673,3.824,3.819,3.791,0.000,0.000,17.12,-10.38,19,0
2026-06-01T22_42_48,14233,-46,45.49,42,15.14,4,3.674,3.836,3.854,3.776,0.000,0.000,14.30,-12.02,19,9
2026-06-01T22_42_48,14234,-46,44.36,44,15.06,4,3.679,3.827,3.774,3.784,0.000,0.000,15.55,-13.40,19,0
2026-06-01T22_42_48,14235,-46,45.87,47,15.08,4,3.667,3.835,3.827,3.752,0.000,0.000,16.44,-15.79,19,8
2026-06-01T22_42_48,14236,-46,42.48,50,14.95,4,3.685,3.781,3.731,3.758,0.000,0.000,17.56,-8.63,19,0
2026-06-01T22_42_48,14237,-46,42.86,51,15.08,4,3.674,3.808,3.819,3.781,0.000,0.000,15.50,-6.99,19,8
2026-06-01T22_42_48,14238,-46,40.09,51,15.10,4,3.691,3.829,3.823,3.760,0.000,0.000,14.36,-9.26,19,18
2026-06-01T22_42_48,14239,-46,36.95,52,15.16,4,3.699,3.853,3.817,3.790,0.000,0.000,13.37,-7.38,19,8
2026-06-01T22_42_48,14240,-46,37.71,54,15.15,4,3.685,3.834,3.795,3.834,0.000,0.000,15.11,-3.73,19,18
2026-06-01T22_42_48,14241,-47,41.72,57,15.05,4,3.664,3.825,3.772,3.784,0.000,0.000,15.61,-11.27,19,8
2026-06-01T22_42_48,14242,-47,42.61,60,14.83,4,3.619,3.765,3.724,3.717,0.000,0.000,16.91,-7.12,19,17
2026-06-01T22_42_48,14243,-47,42.10,63,14.78,4,3.593,3.765,3.742,3.683,0.000,0.000,18.31,-5.61,19,7
2026-06-01T22_42_49,14244,-47,42.60,64,14.75,4,3.557,3.748,3.737,3.710,0.000,0.000,18.47,0.54,19,17
2026-06-01T22_42_49,14245,-47,41.47,69,14.75,4,3.575,3.802,3.787,3.585,0.000,0.000,20.06,-0.09,19,7
2026-06-01T22_42_49,14246,-47,41.72,68,14.73,4,3.561,3.716,3.716,3.733,0.000,0.000,19.85,-2.35,19,17
2026-06-01T22_42_49,14247,-47,41.10,71,14.76,4,3.533,3.750,3.775,3.698,0.000,0.000,20.85,0.29,19,7
2026-06-01T22_42_49,14248,-47,44.36,74,14.45,4,3.531,3.628,3.678,3.612,0.000,0.000,21.00,-0.34,19,17
2026-06-01T22_42_49,14249,-47,40.09,78,14.63,4,3.508,3.662,3.743,3.717,0.000,0.000,22.07,-1.47,19,6
2026-06-01T22_42_49,14250,-47,40.34,77,14.38,4,3.481,3.680,3.649,3.565,0.000,0.000,22.09,0.67,19,16
2026-06-01T22_42_49,14251,-44,39.84,80,14.53,4,3.482,3.651,3.735,3.659,0.000,0.000,22.21,6.19,19,6
2026-06-01T22_42_49,14252,-44,42.10,83,14.35,4,3.487,3.578,3.619,3.665,0.000,0.000,24.64,7.95,19,16
2026-06-01T22_42_49,14253,-47,40.22,85,14.29,4,3.471,3.559,3.657,3.607,0.000,0.000,23.51,5.44,19,6
2026-06-01T22_42_49,14254,-47,38.71,88,14.15,4,3.409,3.610,3.658,3.472,0.000,0.000,24.99,8.32,19,16
2026-06-01T22_42_49,14255,-47,40.97,91,14.09,4,3.381,3.667,3.621,3.416,0.000,0.000,26.56,10.33,19,6
2026-06-01T22_42_49,14256,-47,37.08,91,14.17,4,3.385,3.612,3.659,3.519,0.000,0.000,25.95,10.33,19,15
2026-06-01T22_42_49,14257,-46,38.34,94,13.95,4,3.366,3.658,3.537,3.388,0.000,0.000,25.65,11.59,19,5
2026-06-01T22_42_49,14258,-46,37.71,95,14.10,4,3.392,3.519,3.588,3.601,0.000,0.000,25.91,14.10,19,15
2026-06-01T22_42_49,14259,-43,37.83,95,13.88,4,3.337,3.630,3.520,3.392,0.000,0.000,27.32,16.74,19,5
2026-06-01T22_42_49,14260,-43,37.33,98,14.07,4,3.361,3.523,3.633,3.554,0.000,0.000,26.37,14.60,19,15
2026-06-01T22_42_49,14261,-43,35.95,99,14.04,4,3.379,3.597,3.473,3.589,0.000,0.000,27.04,15.73,19,5
2026-06-01T22_42_49,14262,-43,34.19,99,14.04,4,3.358,3.646,3.591,3.445,0.000,0.000,25.70,15.86,19,15
2026-06-01T22_42_49,14263,-43,33.31,99,14.20,4,3.380,3.605,3.666,3.547,0.000,0.000,25.21,17.74,19,4
2026-06-01T22_42_50,14264,-47,29.42,99,14.21,4,3.436,3.621,3.509,3.638,0.000,0.000,23.33,15.23,19,14
2026-06-01T22_42_50,14265,-47,29.17,99,14.16,4,3.420,3.686,3.566,3.490,0.000,0.000,23.27,14.10,19,4
2026-06-01T22_42_50,14266,-43,29.04,99,14.31,4,3.426,3.636,3.679,3.566,0.000,0.000,20.33,13.10,19,14
2026-06-01T22_42_50,14267,-43,27.16,99,14.38,4,3.461,3.646,3.601,3.668,0.000,0.000,21.43,12.22,19,4
2026-06-01T22_42_50,14268,-48,25.40,99,14.32,4,3.429,3.679,3.685,3.523,0.000,0.000,19.93,13.22,19,14
2026-06-01T22_42_50,14269,-48,26.03,99,14.39,4,3.487,3.662,3.562,3.677,0.000,0.000,20.17,12.97,19,4
2026-06-01T22_42_50,14270,-44,25.02,99,14.41,4,3.459,3.686,3.683,3.579,0.000,0.000,19.12,12.34,19,14
2026-06-01T22_42_50,14271,-44,25.03,99,14.44,4,3.498,3.663,3.588,3.688,0.000,0.000,19.31,12.22,19,3
2026-06-01T22_42_50,14272,-48,24.52,99,14.47,4,3.475,3.684,3.709,3.598,0.000,0.000,18.37,12.09,19,13
2026-06-01T22_42_50,14273,-48,25.40,99,14.44,4,3.506,3.716,3.576,3.641,0.000,0.000,18.52,12.59,19,3
2026-06-01T22_42_50,14274,-48,23.14,99,14.51,4,3.506,3.661,3.715,3.630,0.000,0.000,17.78,12.09,19,13
2026-06-01T22_42_50,14275,-48,24.02,99,14.43,4,3.487,3.734,3.675,3.539,0.000,0.000,18.05,10.83,19,3
2026-06-01T22_42_50,14276,-44,22.64,99,14.55,4,3.524,3.689,3.630,3.709,0.000,0.000,17.19,11.71,19,13
2026-06-01T22_42_50,14277,-44,22.39,99,14.55,4,3.512,3.676,3.739,3.626,0.000,0.000,16.94,11.34,19,3
2026-06-01T22_42_50,14278,-44,22.39,100,14.51,4,3.502,3.739,3.713,3.553,0.000,0.000,17.33,11.59,19,5
2026-06-01T22_42_50,14279,-44,22.01,99,14.55,4,3.509,3.726,3.726,3.591,0.000,0.000,16.92,11.21,19,14
2026-06-01T22_42_50,14280,-44,22.51,100,14.50,4,3.498,3.754,3.726,3.523,0.000,0.000,16.94,10.84,19,4
2026-06-01T22_42_50,14281,-47,23.02,99,14.51,4,3.523,3.744,3.663,3.582,0.000,0.000,17.06,10.71,19,14
2026-06-01T22_42_50,14282,-47,22.14,99,14.52,4,3.533,3.748,3.622,3.617,0.000,0.000,16.67,10.96,19,4
2026-06-01T22_42_51,14283,-48,22.01,99,14.55,4,3.538,3.740,3.611,3.662,0.000,0.000,16.62,11.34,19,14
2026-06-01T22_42_51,14284,-48,22.26,99,14.61,4,3.552,3.683,3.663,3.710,0.000,0.000,16.20,10.58,19,4
2026-06-01T22_42_51,14285,-47,22.14,99,14.65,4,3.537,3.697,3.718,3.700,0.000,0.000,16.12,10.71,19,14
2026-06-01T22_42_51,14286,-47,20.50,99,14.62,4,3.527,3.710,3.738,3.645,0.000,0.000,16.21,11.09,18,3
2026-06-01T22_42_51,14287,-47,20.50,99,14.55,4,3.520,3.764,3.690,3.577,0.000,0.000,16.11,9.70,19,13
2026-06-01T22_42_51,14288,-47,21.89,99,14.63,4,3.518,3.741,3.733,3.636,0.000,0.000,16.52,10.33,19,3
2026-06-01T22_42_51,14289,-49,22.14,99,14.63,4,3.519,3.740,3.733,3.640,0.000,0.000,16.09,10.71,19,13
2026-06-01T22_42_51,14290,-49,20.13,99,14.61,4,3.523,3.745,3.721,3.619,0.000,0.000,15.48,10.96,19,3
2026-06-01T22_42_51,14291,-49,20.25,99,14.68,4,3.538,3.692,3.722,3.725,0.000,0.000,15.56,10.58,19,13
2026-06-01T22_42_51,14292,-49,22.39,100,14.51,4,3.499,3.694,3.678,3.634,0.000,0.000,16.72,10.71,19,3
2026-06-01T22_42_51,14293,-49,21.88,99,14.52,4,3.512,3.695,3.674,3.638,0.000,0.000,16.84,11.84,19,13
2026-06-01T22_42_51,14294,-49,21.76,99,14.53,4,3.517,3.717,3.671,3.622,0.000,0.000,16.74,11.46,19,2
2026-06-01T22_42_51,14295,-48,20.88,99,14.55,4,3.516,3.728,3.665,3.646,0.000,0.000,16.59,11.59,19,12
2026-06-01T22_42_51,14296,-48,20.88,99,14.58,4,3.517,3.720,3.689,3.652,0.000,0.000,16.34,10.96,19,2
2026-06-01T22_42_51,14297,-46,21.38,99,14.59,4,3.525,3.718,3.698,3.646,0.000,0.000,16.30,10.58,19,12
2026-06-01T22_42_51,14298,-46,19.87,99,14.59,4,3.529,3.726,3.678,3.659,0.000,0.000,15.81,11.21,19,2
2026-06-01T22_42_51,14299,-47,20.50,99,14.61,4,3.534,3.721,3.690,3.662,0.000,0.000,15.95,10.08,19,12
2026-06-01T22_42_51,14300,-47,20.25,99,14.61,4,3.536,3.727,3.690,3.658,0.000,0.000,15.63,11.09,19,2
2026-06-01T22_42_51,14301,-47,19.12,99,14.61,4,3.541,3.724,3.677,3.672,0.000,0.000,15.48,10.58,19,12
2026-06-01T22_42_51,14302,-47,19.25,99,14.66,4,3.550,3.734,3.711,3.667,0.000,0.000,15.14,10.58,19,2
2026-06-01T22_42_52,14303,-49,15.35,95,14.88,4,3.612,3.808,3.721,3.738,0.000,0.000,11.62,6.94,19,11
2026-06-01T22_42_52,14304,-49,13.97,87,15.27,4,3.724,3.887,3.844,3.818,0.000,0.000,7.82,2.30,19,1
2026-06-01T22_42_52,14305,-49,9.45,83,15.46,4,3.790,3.936,3.874,3.862,0.000,0.000,3.75,-1.10,19,11
2026-06-01T22_42_52,14306,-49,6.94,75,15.77,4,3.870,4.009,3.942,3.946,0.000,0.000,1.01,-5.62,19,1
2026-06-01T22_42_52,14307,-49,6.19,75,15.79,4,3.879,4.004,3.946,3.959,0.000,0.000,0.09,-5.74,19,11
2026-06-01T22_42_52,14308,-49,5.69,71,15.89,4,3.907,4.033,3.975,3.972,0.000,0.000,-0.75,-7.00,19,1
2026-06-01T22_42_52,14309,-49,4.43,70,15.95,4,3.936,4.040,4.005,3.967,0.000,0.003,-2.07,-9.13,20,11
2026-06-01T22_42_52,14310,-49,2.29,64,16.20,4,3.999,4.091,4.052,4.058,0.000,0.006,-3.75,-12.27,19,1
2026-06-01T22_42_52,14311,-47,2.29,59,16.29,4,4.044,4.116,4.066,4.067,0.000,0.015,-6.17,-16.92,19,11
2026-06-01T22_42_52,14312,-47,2.42,55,16.50,4,4.088,4.171,4.115,4.123,0.000,0.015,-7.25,-19.43,19,1
2026-06-01T22_42_52,14313,-47,2.80,51,16.49,4,4.090,4.168,4.113,4.122,0.000,0.009,-7.92,-20.43,19,11
2026-06-01T22_42_52,14314,-47,2.67,47,16.54,4,4.096,4.181,4.136,4.126,0.000,0.014,-8.24,-20.81,19,1
2026-06-01T22_42_52,14315,-47,3.68,42,16.61,4,4.127,4.198,4.134,4.155,0.000,0.012,-9.04,-26.34,18,11
2026-06-01T22_42_52,14316,-47,4.55,32,16.73,4,4.154,4.239,4.162,4.173,0.000,0.013,-9.07,-29.73,19,0
2026-06-01T22_42_52,14317,-47,8.19,26,16.74,4,4.154,4.257,4.164,4.160,0.000,0.024,-10.96,-37.13,19,10
2026-06-01T22_42_52,14318,-47,9.57,20,16.78,4,4.177,4.207,4.201,4.191,0.000,0.013,-11.18,-40.27,19,0
2026-06-01T22_42_52,14319,-47,10.58,12,16.66,4,4.137,4.218,4.165,4.143,0.000,0.010,-10.27,-42.28,19,10
2026-06-01T22_42_52,14320,-47,6.81,4,16.50,4,4.077,4.186,4.098,4.138,0.000,0.005,-5.82,-42.66,19,0
2026-06-01T22_42_52,14321,-46,11.20,0,16.35,4,4.047,4.141,4.102,4.058,0.000,0.005,-3.07,-38.14,19,10
2026-06-01T22_42_52,14322,-46,10.20,0,16.34,4,4.041,4.130,4.075,4.099,0.000,0.004,-2.79,-38.26,19,0
2026-06-01T22_42_53,14323,-46,8.32,0,16.27,4,4.026,4.125,4.069,4.049,0.000,0.003,-1.89,-27.59,19,10
2026-06-01T22_42_53,14324,-46,4.55,0,16.23,4,4.019,4.112,4.055,4.048,0.000,0.003,-1.85,-17.80,19,0
2026-06-01T22_42_53,14325,-46,4.55,0,16.22,4,4.009,4.102,4.073,4.034,0.000,0.000,-1.56,-16.54,19,10
2026-06-01T22_42_53,14326,-47,3.05,0,16.22,4,3.999,4.110,4.062,4.046,0.000,0.000,-1.10,-11.77,19,0
2026-06-01T22_42_53,14327,-47,1.41,0,16.20,4,3.999,4.102,4.059,4.044,0.000,0.000,-0.85,-8.00,18,9
2026-06-01T22_42_53,14328,-47,0.91,0,16.20,4,3.997,4.101,4.057,4.045,0.000,0.000,-0.79,-3.98,19,0
2026-06-01T22_42_53,14329,-47,1.16,0,16.20,4,3.996,4.099,4.057,4.043,0.000,0.000,-0.57,-2.60,19,9
2026-06-01T22_42_53,14330,-49,1.16,0,16.19,4,3.996,4.099,4.056,4.043,0.000,0.000,-0.57,-1.60,19,0
2026-06-01T22_42_53,14331,-49,0.79,0,16.19,4,3.995,4.100,4.057,4.043,0.000,0.000,-0.45,-1.35,19,9
2026-06-01T22_42_53,14332,-50,0.91,0,16.20,4,3.996,4.100,4.057,4.043,0.000,0.000,-0.40,-1.47,19,0
2026-06-01T22_42_53,14333,-50,0.54,0,16.20,4,3.996,4.100,4.057,4.044,0.000,0.000,-0.50,-1.47,19,9
2026-06-01T22_42_53,14334,-50,0.91,0,16.20,4,3.997,4.101,4.058,4.044,0.000,0.000,-0.34,-1.60,19,0
2026-06-01T22_42_53,14335,-50,1.54,0,16.20,4,3.998,4.101,4.060,4.044,0.000,0.000,-0.36,-1.47,18,8
2026-06-01T22_42_53,14336,-50,1.16,0,16.21,4,3.999,4.102,4.060,4.046,0.000,0.000,-0.24,-1.35,19,18
2026-06-01T22_42_53,14337,-50,1.29,0,16.21,4,4.000,4.103,4.062,4.046,0.000,0.000,-0.28,-1.35,19,8
2026-06-01T22_42_53,14338,-52,1.29,0,16.22,4,4.001,4.104,4.063,4.049,0.000,0.000,-0.27,-1.47,19,18
2026-06-01T22_42_53,14339,-52,1.16,0,16.22,4,4.002,4.105,4.064,4.050,0.000,0.000,-0.32,-1.97,19,8
2026-06-01T22_42_53,14340,-48,1.16,0,16.22,4,4.003,4.106,4.064,4.050,0.000,0.000,-0.32,-1.72,19,18
2026-06-01T22_42_53,14341,-48,1.29,0,16.23,4,4.004,4.107,4.066,4.051,0.000,0.000,-0.30,-1.60,19,8
2026-06-01T22_42_53,14342,-50,1.16,0,16.23,4,4.005,4.107,4.067,4.052,0.000,0.000,-0.31,-1.47,19,18
2026-06-01T22_42_54,14343,-50,1.04,3,16.24,4,4.006,4.108,4.068,4.053,0.000,0.000,-0.34,-1.35,19,7
2026-06-01T22_42_54,14344,-50,0.66,0,16.24,4,4.008,4.109,4.069,4.054,0.000,0.000,-0.29,-1.35,19,17
2026-06-01T22_42_54,14345,-50,1.29,2,16.24,4,4.009,4.110,4.070,4.055,0.000,0.000,-0.38,-1.60,19,7
2026-06-01T22_42_54,14346,-49,1.16,0,16.25,4,4.010,4.111,4.071,4.056,0.000,0.000,-0.33,-1.47,19,17
2026-06-01T22_42_54,14347,-49,1.04,0,16.25,4,4.011,4.112,4.072,4.057,0.000,0.000,-0.34,-1.35,19,7
2026-06-01T22_42_54,14348,-51,0.91,0,16.26,4,4.012,4.113,4.073,4.059,0.000,0.000,-0.39,-1.47,19,17
2026-06-01T22_42_54,14349,-51,1.04,0,16.26,4,4.013,4.114,4.074,4.060,0.000,0.000,-0.36,-1.35,19,7
2026-06-01T22_42_54,14350,-51,1.04,0,16.26,4,4.014,4.115,4.075,4.060,0.000,0.000,-0.35,-1.60,19,17
2026-06-01T22_42_54,14351,-51,1.04,0,16.27,4,4.015,4.115,4.076,4.062,0.000,0.000,-0.31,-1.60,19,6
2026-06-01T22_42_54,14352,-52,1.29,0,16.27,4,4.016,4.116,4.076,4.063,0.000,0.000,-0.29,-1.47,19,16
2026-06-01T22_42_54,14353,-52,0.91,0,16.27,4,4.017,4.117,4.077,4.063,0.000,0.000,-0.30,-1.47,19,6
2026-06-01T22_42_54,14354,-52,0.79,0,16.28,4,4.018,4.118,4.078,4.064,0.000,0.000,-0.30,-1.22,19,16
2026-06-01T22_42_54,14355,-52,1.04,0,16.28,4,4.019,4.119,4.080,4.065,0.000,0.000,-0.38,-1.72,19,6
2026-06-01T22_42_54,14356,-50,1.04,0,16.28,4,4.020,4.119,4.080,4.065,0.000,0.000,-0.45,-1.35,19,16
2026-06-01T22_42_54,14357,-50,1.04,0,16.29,4,4.021,4.121,4.081,4.067,0.000,0.000,-0.33,-1.35,19,6
2026-06-01T22_42_54,14358,-51,1.16,0,16.29,4,4.022,4.121,4.082,4.068,0.000,0.000,-0.32,-1.47,19,16
2026-06-01T22_42_54,14359,-51,0.66,0,16.30,4,4.023,4.122,4.082,4.068,0.000,0.000,-0.34,-1.22,19,5
2026-06-01T22_42_54,14360,-51,1.04,0,16.30,4,4.023,4.123,4.084,4.069,0.000,0.000,-0.30,-1.72,19,15
2026-06-01T22_42_54,14361,-51,1.16,0,16.30,4,4.025,4.123,4.084,4.070,0.000,0.000,-0.23,-1.35,19,5
2026-06-01T22_42_54,14362,-51,1.16,0,16.31,4,4.025,4.124,4.086,4.070,0.000,0.000,-0.31,-1.47,19,15
2026-06-01T22_42_55,14363,-51,0.91,0,16.31,4,4.026,4.125,4.087,4.071,0.000,0.000,-0.41,-1.47,19,5
2026-06-01T22_42_55,14364,-52,0.66,0,16.31,4,4.027,4.126,4.087,4.073,0.000,0.000,-0.36,-1.60,19,15
2026-06-01T22_42_55,14365,-52,1.16,0,16.31,4,4.028,4.126,4.088,4.073,0.000,0.000,-0.31,-1.35,19,5
2026-06-01T22_42_55,14366,-52,1.04,0,16.32,4,4.029,4.127,4.089,4.075,0.000,0.000,-0.41,-1.47,19,15
2026-06-01T22_42_55,14367,-51,1.16,0,16.32,4,4.030,4.128,4.090,4.075,0.000,0.000,-0.26,-1.47,19,4
2026-06-01T22_42_55,14368,-51,0.66,0,16.32,4,4.030,4.129,4.090,4.076,0.000,0.000,-0.35,-1.22,19,14
2026-06-01T22_42_55,14369,-51,0.91,0,16.33,4,4.031,4.129,4.091,4.076,0.000,0.000,-0.32,-1.35,19,4
2026-06-01T22_42_55,14370,-51,0.91,0,16.33,4,4.032,4.130,4.092,4.076,0.000,0.000,-0.40,-1.22,19,14
2026-06-01T22_42_55,14371,-48,0.79,0,16.33,4,4.033,4.131,4.092,4.078,0.000,0.000,-0.35,-1.47,19,4
2026-06-01T22_42_55,14372,-48,0.66,0,16.34,4,4.033,4.131,4.094,4.078,0.000,0.000,-0.37,-1.85,19,14
2026-06-01T22_42_55,14373,-51,0.91,0,16.34,4,4.034,4.132,4.093,4.079,0.000,0.000,-0.40,-1.22,19,4
2026-06-01T22_42_55,14374,-51,1.16,0,16.34,4,4.035,4.133,4.094,4.080,0.000,0.000,-0.38,-1.60,19,14
2026-06-01T22_42_55,14375,-51,0.91,0,16.35,4,4.036,4.133,4.095,4.082,0.000,0.000,-0.45,-1.60,19,3
2026-06-01T22_42_55,14376,-51,1.04,0,16.35,4,4.037,4.134,4.096,4.082,0.000,0.000,-0.35,-1.35,19,13
2026-06-01T22_42_55,14377,-51,1.04,0,16.35,4,4.037,4.136,4.096,4.082,0.000,0.000,-0.33,-1.72,19,3
2026-06-01T22_42_55,14378,-51,0.91,0,16.36,4,4.039,4.137,4.099,4.082,0.000,0.000,-0.33,-1.60,19,15
2026-06-01T22_42_55,14379,-48,1.92,0,16.36,4,4.040,4.137,4.099,4.083,0.000,0.000,-0.32,-1.22,19,5
2026-06-01T22_42_55,14380,-48,0.91,0,16.36,4,4.040,4.137,4.100,4.085,0.000,0.000,-0.33,-1.60,19,15
2026-06-01T22_42_56,14381,-50,0.66,0,16.36,4,4.041,4.138,4.100,4.085,0.000,0.000,-0.39,-1.47,19,4
2026-06-01T22_42_56,14382,-50,1.54,0,16.37,4,4.042,4.139,4.100,4.088,0.000,0.000,-0.32,-1.60,19,14
2026-06-01T22_42_56,14383,-51,1.16,0,16.37,4,4.043,4.139,4.102,4.086,0.000,0.000,-0.31,-1.35,19,4
2026-06-01T22_42_56,14384,-51,0.91,0,16.37,4,4.043,4.140,4.103,4.086,0.000,0.001,-0.31,-1.22,19,14
2026-06-01T22_42_56,14385,-51,1.04,0,16.38,4,4.044,4.141,4.103,4.088,0.000,0.000,-0.33,-1.22,19,4
2026-06-01T22_42_56,14386,-51,1.29,0,16.38,4,4.044,4.141,4.104,4.088,0.000,0.000,-0.34,-1.60,19,14
2026-06-01T22_42_56,14387,-53,1.67,0,16.38,4,4.045,4.142,4.104,4.090,0.000,0.001,-0.29,-1.35,19,4
2026-06-01T22_42_56,14388,-53,0.79,0,16.38,4,4.046,4.142,4.105,4.090,0.000,0.000,-0.32,-1.47,19,14
2026-06-01T22_42_56,14389,-52,1.54,3,16.38,4,4.047,4.143,4.105,4.089,0.000,0.000,-0.32,-1.72,19,3
2026-06-01T22_42_56,14390,-52,0.91,0,16.39,4,4.047,4.144,4.106,4.092,0.000,0.000,-0.26,-1.35,19,13
2026-06-01T22_42_56,14391,-52,0.91,3,16.39,4,4.048,4.144,4.106,4.092,0.000,0.000,-0.31,-1.47,19,3
2026-06-01T22_42_56,14392,-52,0.91,0,16.39,4,4.048,4.145,4.106,4.093,0.000,0.000,-0.34,-1.60,19,13
2026-06-01T22_42_56,14393,-52,1.04,0,16.39,4,4.049,4.146,4.106,4.093,0.000,0.000,-0.36,-1.47,19,3
2026-06-01T22_42_56,14394,-51,0.91,0,16.40,4,4.049,4.146,4.108,4.093,0.000,0.000,-0.34,-1.60,19,13
2026-06-01T22_42_56,14395,-51,1.04,3,16.40,4,4.050,4.147,4.109,4.093,0.000,0.000,-0.35,-1.35,19,3
2026-06-01T22_42_56,14396,-51,0.91,5,16.40,4,4.051,4.146,4.109,4.094,0.000,0.000,-0.42,-1.47,19,13
2026-06-01T22_42_56,14397,-51,3.30,7,16.34,4,4.035,4.135,4.095,4.077,0.000,0.000,-0.25,-1.22,18,2
2026-06-01T22_42_56,14398,-52,5.81,7,16.31,4,4.026,4.122,4.088,4.071,0.000,0.000,1.23,-1.85,19,12
2026-06-01T22_42_56,14399,-52,5.81,8,16.30,4,4.023,4.122,4.085,4.068,0.000,0.000,1.19,-1.97,19,2
2026-06-01T22_42_56,14400,-52,5.43,8,16.33,4,4.027,4.128,4.095,4.077,0.000,0.000,0.99,-1.85,19,12
2026-06-01T22_42_57,14401,-52,5.43,11,16.31,4,4.024,4.124,4.092,4.072,0.000,0.000,0.99,-2.85,19,2
2026-06-01T22_42_57,14402,-53,5.43,9,16.32,4,4.024,4.128,4.089,4.079,0.000,0.000,1.12,-1.60,19,12
2026-06-01T22_42_57,14403,-53,5.06,11,16.32,4,4.024,4.128,4.093,4.074,0.000,0.000,1.17,-1.72,19,2
2026-06-01T22_42_57,14404,-53,5.18,10,16.33,4,4.029,4.131,4.093,4.078,0.000,0.000,0.87,-1.60,18,12
2026-06-01T22_42_57,14405,-53,4.30,11,16.34,4,4.032,4.133,4.095,4.078,0.000,0.000,0.91,-1.72,19,2
2026-06-01T22_42_57,14406,-52,3.93,10,16.35,4,4.035,4.133,4.098,4.080,0.000,0.000,0.87,-1.60,19,11
2026-06-01T22_42_57,14407,-52,3.68,8,16.36,4,4.037,4.138,4.098,4.085,0.000,0.000,0.59,-7.62,19,1
2026-06-01T22_42_57,14408,-52,3.30,10,16.37,4,4.039,4.139,4.102,4.086,0.000,0.000,0.49,-2.35,19,11
2026-06-01T22_42_57,14409,-52,3.30,8,16.37,4,4.041,4.140,4.102,4.088,0.000,0.000,0.65,-1.47,19,1
2026-06-01T22_42_57,14410,-52,2.92,10,16.37,4,4.043,4.141,4.103,4.089,0.000,0.000,0.56,-1.47,19,11
2026-06-01T22_42_57,14411,-52,4.05,11,16.35,4,4.035,4.133,4.099,4.080,0.000,0.000,0.84,-1.85,19,1
2026-06-01T22_42_57,14412,-51,5.56,12,16.34,4,4.032,4.133,4.098,4.082,0.000,0.000,1.11,-2.35,19,11
2026-06-01T22_42_57,14413,-51,4.18,15,16.35,4,4.034,4.134,4.100,4.080,0.000,0.000,1.03,-2.35,19,0
2026-06-01T22_42_57,14414,-50,4.05,12,16.35,4,4.035,4.135,4.099,4.083,0.000,0.000,0.95,-1.97,18,10
2026-06-01T22_42_57,14415,-50,4.18,12,16.36,4,4.038,4.138,4.099,4.084,0.000,0.000,0.90,-1.47,19,0
2026-06-01T22_42_57,14416,-50,6.44,15,16.31,4,4.024,4.125,4.090,4.072,0.000,0.000,1.31,-1.72,19,10
2026-06-01T22_42_57,14417,-50,9.33,19,16.26,4,4.009,4.112,4.082,4.053,0.000,0.000,2.42,-2.22,19,0
2026-06-01T22_42_57,14418,-51,9.08,17,16.27,4,4.009,4.120,4.079,4.061,0.000,0.000,2.27,-1.97,19,10
2026-06-01T22_42_57,14419,-51,12.59,19,16.20,4,3.990,4.097,4.068,4.047,0.000,0.000,3.13,-2.10,19,0
2026-06-01T22_42_57,14420,-50,13.47,21,16.18,4,3.985,4.097,4.063,4.034,0.000,0.000,3.65,-4.36,19,10
2026-06-01T22_42_58,14421,-50,14.22,22,16.17,4,3.973,4.093,4.060,4.039,0.000,0.000,3.97,-4.86,19,1
2026-06-01T22_42_58,14422,-50,14.47,23,16.17,4,3.979,4.089,4.057,4.046,0.000,0.000,3.64,-3.10,18,9
2026-06-01T22_42_58,14423,-50,17.61,26,16.06,4,3.953,4.057,4.036,4.010,0.000,0.000,5.24,-3.48,19,0
2026-06-01T22_42_58,14424,-49,18.12,27,16.05,4,3.947,4.072,4.043,3.990,0.000,0.000,5.16,-4.86,19,9
2026-06-01T22_42_58,14425,-49,19.37,29,16.02,4,3.943,4.057,4.025,3.998,0.000,0.000,5.53,-3.73,19,0
2026-06-01T22_42_58,14426,-50,21.38,30,16.00,4,3.934,4.057,4.010,4.003,0.000,0.000,5.49,-3.48,19,9
2026-06-01T22_42_58,14427,-50,20.25,31,16.02,4,3.933,4.048,4.032,4.005,0.000,0.000,5.95,-3.48,19,0
2026-06-01T22_42_58,14428,-50,20.75,33,15.98,4,3.931,4.051,4.007,3.986,0.000,0.000,6.12,-4.48,19,9
2026-06-01T22_42_58,14429,-50,21.88,34,15.94,4,3.917,4.031,4.025,3.969,0.000,0.000,6.43,-3.73,19,0
2026-06-01T22_42_58,14430,-50,23.14,35,15.93,4,3.903,4.039,4.011,3.976,0.000,0.000,6.54,-5.99,18,8
2026-06-01T22_42_58,14431,-50,23.01,37,15.88,4,3.906,4.020,3.996,3.959,0.000,0.000,6.91,-5.99,19,18
2026-06-01T22_42_58,14432,-50,23.52,37,15.92,4,3.906,4.030,3.994,3.995,0.000,0.000,7.03,-4.24,19,8
2026-06-01T22_42_58,14433,-50,24.27,39,15.88,4,3.897,3.998,4.012,3.967,0.000,0.000,7.59,-4.99,19,18
2026-06-01T22_42_58,14434,-50,25.27,41,15.84,4,3.877,4.001,3.997,3.965,0.000,0.000,8.63,-5.61,19,8
2026-06-01T22_42_58,14435,-51,24.65,42,15.75,4,3.875,4.000,3.946,3.927,0.000,0.000,8.53,-4.36,19,18
2026-06-01T22_42_58,14436,-51,30.55,47,15.69,4,3.847,3.975,3.951,3.913,0.000,0.000,9.97,-4.61,19,7
2026-06-01T22_42_58,14437,-54,31.18,47,15.65,4,3.832,3.972,3.933,3.916,0.000,0.000,10.13,-6.87,19,17
2026-06-01T22_42_58,14438,-54,32.81,49,15.61,4,3.819,3.967,3.935,3.891,0.000,0.000,10.21,-7.00,19,7
2026-06-01T22_42_58,14439,-54,31.43,50,15.59,4,3.812,3.965,3.927,3.891,0.000,0.000,11.10,-3.35,19,17
2026-06-01T22_42_58,14440,-54,28.54,52,15.62,4,3.818,3.977,3.934,3.895,0.000,0.000,10.30,-2.60,19,7
2026-06-01T22_42_59,14441,-51,30.93,51,15.65,4,3.823,3.987,3.933,3.907,0.000,0.000,10.51,-3.98,19,17
2026-06-01T22_42_59,14442,-51,32.43,55,15.60,4,3.806,3.958,3.923,3.911,0.000,0.000,10.76,-6.37,19,7
2026-06-01T22_42_59,14443,-54,31.68,55,15.47,4,3.791,3.953,3.887,3.844,0.000,0.000,12.49,-8.00,19,16
2026-06-01T22_42_59,14444,-54,34.44,60,15.42,4,3.756,3.919,3.909,3.839,0.000,0.000,13.07,-2.22,19,6
2026-06-01T22_42_59,14445,-54,34.32,59,15.36,4,3.755,3.926,3.829,3.850,0.000,0.000,13.42,-3.10,19,16
2026-06-01T22_42_59,14446,-54,35.45,64,15.27,4,3.724,3.887,3.875,3.785,0.000,0.000,15.09,-1.10,19,6
2026-06-01T22_42_59,14447,-54,35.82,63,15.17,4,3.721,3.866,3.804,3.780,0.000,0.000,16.20,-3.48,19,16
2026-06-01T22_42_59,14448,-54,39.59,67,15.05,4,3.651,3.833,3.807,3.758,0.000,0.000,18.20,-1.59,19,6
2026-06-01T22_42_59,14449,-55,37.58,70,14.93,4,3.640,3.807,3.783,3.696,0.000,0.000,18.97,-2.23,19,16
2026-06-01T22_42_59,14450,-55,42.35,75,14.81,4,3.573,3.798,3.741,3.701,0.000,0.000,21.33,1.67,19,5
2026-06-01T22_42_59,14451,-56,43.36,77,14.67,4,3.569,3.759,3.726,3.616,0.000,0.000,21.83,-1.22,19,15
2026-06-01T22_42_59,14452,-56,40.72,79,14.71,4,3.553,3.749,3.752,3.655,0.000,0.000,22.87,3.05,19,5
2026-06-01T22_42_59,14453,-56,40.84,81,14.63,4,3.541,3.735,3.727,3.624,0.000,0.000,23.39,2.42,19,15
2026-06-01T22_42_59,14454,-56,43.48,84,14.56,4,3.518,3.698,3.712,3.633,0.000,0.000,25.21,4.81,19,5
2026-06-01T22_42_59,14455,-58,40.09,86,14.46,4,3.505,3.687,3.695,3.575,0.000,0.000,25.35,9.20,19,15
2026-06-01T22_42_59,14456,-58,40.22,91,14.41,4,3.464,3.688,3.646,3.615,0.000,0.000,26.82,8.58,19,4
2026-06-01T22_42_59,14457,-58,43.73,92,14.31,4,3.449,3.674,3.641,3.545,0.000,0.000,27.98,13.97,19,14
2026-06-01T22_42_59,14458,-58,41.35,94,14.25,4,3.419,3.639,3.629,3.561,0.000,0.000,28.74,14.60,19,4
2026-06-01T22_42_59,14459,-58,41.10,96,14.16,4,3.413,3.629,3.605,3.512,0.000,0.000,29.62,18.87,19,14
2026-06-01T22_42_59,14460,-58,39.72,98,14.19,4,3.403,3.635,3.601,3.554,0.000,0.000,29.42,16.74,19,4
2026-06-01T22_43_00,14461,-56,36.83,99,14.20,4,3.415,3.631,3.623,3.527,0.000,0.000,28.45,15.73,19,14
2026-06-01T22_43_00,14462,-56,34.32,99,14.30,4,3.438,3.642,3.634,3.588,0.000,0.000,27.26,17.37,19,4
2026-06-01T22_43_00,14463,-57,33.56,99,14.35,4,3.453,3.670,3.647,3.576,0.000,0.000,25.93,16.61,19,14
2026-06-01T22_43_00,14464,-57,31.43,99,14.41,4,3.477,3.678,3.649,3.601,0.000,0.000,19.73,15.86,19,3
2026-06-01T22_43_00,14465,-57,30.80,99,14.46,4,3.493,3.678,3.673,3.621,0.000,0.000,24.06,15.11,19,13
2026-06-01T22_43_00,14466,-57,28.42,99,14.52,4,3.505,3.712,3.682,3.617,0.000,0.000,21.68,14.98,19,3
2026-06-01T22_43_00,14467,-56,26.15,99,14.56,4,3.518,3.711,3.668,3.659,0.000,0.000,21.21,14.48,19,13
2026-06-01T22_43_00,14468,-56,27.41,99,14.58,4,3.528,3.726,3.694,3.635,0.000,0.000,20.88,13.35,19,3
2026-06-01T22_43_00,14469,-57,26.53,99,14.63,4,3.542,3.720,3.706,3.664,0.000,0.000,20.23,12.34,19,13
2026-06-01T22_43_00,14470,-57,26.66,99,14.64,4,3.551,3.731,3.702,3.659,0.000,0.000,19.74,12.84,19,3
2026-06-01T22_43_00,14471,-57,25.65,99,14.67,4,3.557,3.746,3.720,3.650,0.000,0.000,19.12,12.72,19,13
2026-06-01T22_43_00,14472,-57,24.15,99,14.72,4,3.567,3.742,3.728,3.678,0.000,0.000,18.99,12.34,19,2
2026-06-01T22_43_00,14473,-52,22.51,99,14.74,4,3.572,3.749,3.717,3.697,0.000,0.000,18.28,12.22,18,12
2026-06-01T22_43_00,14474,-52,22.51,100,14.73,4,3.575,3.755,3.711,3.689,0.000,0.000,17.95,11.84,19,2
2026-06-01T22_43_00,14475,-53,22.76,99,14.76,4,3.581,3.763,3.734,3.684,0.000,0.000,17.68,11.97,19,12
2026-06-01T22_43_00,14476,-53,21.51,100,14.82,4,3.590,3.777,3.742,3.713,0.000,0.000,16.90,11.71,20,6
2026-06-01T22_43_00,14477,-53,20.75,99,14.82,4,3.601,3.774,3.730,3.718,0.000,0.000,16.82,11.84,19,15
2026-06-01T22_43_00,14478,-53,21.01,99,14.83,4,3.601,3.763,3.764,3.703,0.000,0.000,16.55,11.71,19,5
2026-06-01T22_43_00,14479,-53,21.51,99,14.85,4,3.605,3.773,3.749,3.719,0.000,0.000,16.43,11.21,19,14
2026-06-01T22_43_01,14480,-53,20.25,99,14.85,4,3.605,3.783,3.742,3.724,0.000,0.000,16.27,11.71,19,4
2026-06-01T22_43_01,14481,-53,20.50,99,14.85,4,3.609,3.773,3.758,3.708,0.000,0.000,16.25,10.96,19,14
2026-06-01T22_43_01,14482,-53,20.00,99,14.86,4,3.608,3.785,3.752,3.716,0.000,0.000,16.16,10.96,19,4
2026-06-01T22_43_01,14483,-53,19.50,99,14.89,4,3.612,3.782,3.753,3.740,0.000,0.000,15.83,10.71,19,14
2026-06-01T22_43_01,14484,-51,19.37,99,14.87,4,3.620,3.770,3.771,3.704,0.000,0.000,15.78,10.46,19,4
2026-06-01T22_43_01,14485,-51,18.87,99,14.88,4,3.617,3.793,3.754,3.712,0.000,0.000,15.55,10.71,19,14
2026-06-01T22_43_01,14486,-51,19.63,99,14.89,4,3.618,3.788,3.756,3.727,0.000,0.000,15.43,10.96,19,4
2026-06-01T22_43_01,14487,-51,20.00,99,14.89,4,3.614,3.797,3.752,3.724,0.000,0.000,15.37,10.46,19,14
2026-06-01T22_43_01,14488,-51,19.37,99,14.88,4,3.618,3.792,3.768,3.697,0.000,0.000,15.36,10.33,19,3
2026-06-01T22_43_01,14489,-51,19.37,99,14.89,4,3.619,3.797,3.763,3.707,0.000,0.000,15.28,10.71,19,13
2026-06-01T22_43_01,14490,-53,18.87,99,14.90,4,3.617,3.800,3.747,3.736,0.000,0.000,15.11,10.08,19,3
2026-06-01T22_43_01,14491,-53,19.00,99,14.92,4,3.619,3.798,3.753,3.745,0.000,0.000,15.03,10.71,19,13
2026-06-01T22_43_01,14492,-53,20.25,100,14.91,4,3.622,3.791,3.765,3.735,0.000,0.000,14.96,10.21,19,3
2026-06-01T22_43_01,14493,-53,18.62,99,14.89,4,3.622,3.781,3.776,3.712,0.000,0.000,15.13,10.08,19,13
2026-06-01T22_43_01,14494,-53,18.62,99,14.92,4,3.625,3.790,3.766,3.734,0.000,0.000,14.93,10.46,19,3
2026-06-01T22_43_01,14495,-53,18.75,99,14.90,4,3.621,3.795,3.769,3.710,0.000,0.000,15.03,10.71,19,13
2026-06-01T22_43_01,14496,-50,18.75,99,14.90,4,3.619,3.800,3.764,3.715,0.000,0.000,15.04,10.58,19,2
2026-06-01T22_43_01,14497,-50,18.49,99,14.91,4,3.624,3.795,3.754,3.734,0.000,0.000,14.90,11.09,18,12
2026-06-01T22_43_01,14498,-52,19.75,99,14.90,4,3.617,3.807,3.739,3.738,0.000,0.000,14.70,10.21,19,2
2026-06-01T22_43_01,14499,-52,19.25,99,14.91,4,3.629,3.790,3.762,3.731,0.000,0.000,14.60,9.96,19,12
2026-06-01T22_43_02,14500,-52,19.12,99,14.90,4,3.619,3.794,3.748,3.734,0.000,0.000,14.69,10.33,19,2
2026-06-01T22_43_02,14501,-52,18.49,99,14.92,4,3.629,3.791,3.779,3.720,0.000,0.000,14.54,9.70,19,12
2026-06-01T22_43_02,14502,-53,18.49,99,14.92,4,3.635,3.802,3.772,3.716,0.000,0.000,14.39,9.96,19,2
2026-06-01T22_43_02,14503,-53,18.74,99,14.91,4,3.634,3.804,3.775,3.700,0.000,0.000,14.25,10.21,18,12
2026-06-01T22_43_02,14504,-53,17.11,95,14.99,4,3.656,3.818,3.787,3.730,0.000,0.000,13.37,9.83,19,1
2026-06-01T22_43_02,14505,-53,18.87,97,15.01,4,3.658,3.822,3.767,3.761,0.000,0.000,13.21,8.95,19,11
2026-06-01T22_43_02,14506,-53,16.36,99,15.01,4,3.653,3.826,3.775,3.753,0.000,0.000,13.13,8.07,19,1
2026-06-01T22_43_02,14507,-53,15.48,95,15.11,4,3.686,3.837,3.804,3.783,0.000,0.000,11.53,6.19,19,11
2026-06-01T22_43_02,14508,-53,13.97,87,15.39,4,3.765,3.909,3.859,3.861,0.000,0.000,9.04,2.92,18,1
2026-06-01T22_43_02,14509,-53,3.05,72,16.14,4,3.991,4.076,4.040,4.034,0.000,0.011,-4.79,-12.90,19,11
2026-06-01T22_43_02,14510,-53,2.29,56,16.60,4,4.127,4.199,4.144,4.127,0.000,0.025,-10.83,-24.83,19,1
2026-06-01T22_43_02,14511,-50,4.55,51,16.71,4,4.160,4.197,4.184,4.164,0.000,0.025,-12.46,-28.60,19,11
2026-06-01T22_43_02,14512,-50,3.80,47,16.79,4,4.167,4.218,4.199,4.204,0.000,0.029,-13.56,-31.73,19,1
2026-06-01T22_43_02,14513,-53,4.43,41,16.73,4,4.158,4.218,4.149,4.202,0.000,0.017,-11.48,-32.36,19,11
2026-06-01T22_43_02,14514,-53,4.68,39,16.70,4,4.160,4.241,4.143,4.161,0.000,0.022,-10.34,-30.86,19,1
2026-06-01T22_43_02,14515,-53,5.30,32,16.79,4,4.165,4.244,4.198,4.186,0.000,0.019,-12.85,-38.89,19,11
2026-06-01T22_43_02,14516,-53,6.06,27,16.78,4,4.174,4.215,4.191,4.198,0.000,0.016,-11.30,-36.26,19,1
2026-06-01T22_43_02,14517,-52,8.07,21,16.78,4,4.173,4.226,4.169,4.215,0.000,0.008,-10.86,-39.14,19,11
2026-06-01T22_43_02,14518,-52,6.44,15,16.71,4,4.147,4.214,4.206,4.139,0.000,0.017,-9.58,-36.26,19,1
2026-06-01T22_43_02,14519,-52,5.81,17,16.62,4,4.127,4.218,4.167,4.108,0.000,0.016,-9.26,-38.14,19,10
2026-06-01T22_43_03,14520,-52,7.56,16,16.60,4,4.122,4.175,4.133,4.174,0.000,0.005,-6.89,-27.09,19,0
2026-06-01T22_43_03,14521,-48,5.43,17,16.55,4,4.103,4.162,4.122,4.166,0.000,0.010,-6.51,-22.19,19,10
2026-06-01T22_43_03,14522,-48,2.29,19,16.50,4,4.071,4.185,4.138,4.108,0.000,0.003,-4.97,-19.43,19,0
2026-06-01T22_43_03,14523,-48,2.42,17,16.44,4,4.068,4.168,4.109,4.099,0.000,0.009,-4.88,-16.16,18,10
2026-06-01T22_43_03,14524,-48,1.29,23,16.32,4,4.036,4.128,4.081,4.075,0.000,0.000,-2.98,-9.26,19,0
2026-06-01T22_43_03,14525,-49,2.80,27,16.18,4,3.990,4.094,4.059,4.032,0.000,0.000,0.01,-3.36,19,10
2026-06-01T22_43_03,14526,-49,8.07,31,16.00,4,3.941,4.053,4.023,3.987,0.000,0.000,2.28,-1.72,19,1
2026-06-01T22_43_03,14527,-49,14.72,36,15.88,4,3.906,4.023,3.995,3.958,0.000,0.000,4.53,-3.86,18,9
2026-06-01T22_43_03,14528,-49,21.88,40,15.72,4,3.854,3.976,3.954,3.933,0.000,0.000,6.93,-4.11,19,0
2026-06-01T22_43_03,14529,-54,22.01,41,15.70,4,3.854,3.994,3.940,3.910,0.000,0.000,7.17,-4.36,19,9
2026-06-01T22_43_03,14530,-54,23.27,42,15.63,4,3.840,3.943,3.947,3.899,0.000,0.000,7.44,-4.74,19,0
2026-06-01T22_43_03,14531,-50,30.68,47,15.53,4,3.798,3.926,3.911,3.891,0.000,0.000,11.77,-3.86,19,9
2026-06-01T22_43_03,14532,-50,32.31,50,15.42,4,3.775,3.887,3.893,3.870,0.000,0.000,12.34,-4.98,19,0
2026-06-01T22_43_03,14533,-50,34.82,52,15.38,4,3.750,3.907,3.885,3.836,0.000,0.000,12.47,-5.61,19,8
2026-06-01T22_43_03,14534,-50,37.21,57,15.06,4,3.682,3.818,3.807,3.755,0.000,0.000,16.35,-7.37,19,0
2026-06-01T22_43_03,14535,-49,48.38,63,14.91,4,3.608,3.780,3.761,3.759,0.000,0.000,21.71,-3.73,19,8
2026-06-01T22_43_03,14536,-49,45.37,66,14.77,4,3.586,3.709,3.727,3.751,0.000,0.000,22.71,-0.34,19,18
2026-06-01T22_43_03,14537,-49,50.51,73,14.48,4,3.490,3.753,3.741,3.498,0.000,0.000,24.94,1.42,19,8
2026-06-01T22_43_03,14538,-49,49.01,75,14.50,4,3.469,3.686,3.725,3.619,0.000,0.000,24.82,1.42,19,17
2026-06-01T22_43_03,14539,-49,49.38,79,14.34,4,3.478,3.723,3.684,3.453,0.000,0.000,26.49,-0.59,19,7
2026-06-01T22_43_04,14540,-49,44.36,78,14.51,4,3.525,3.734,3.570,3.683,0.000,0.000,23.83,4.93,19,17
2026-06-01T22_43_04,14541,-46,39.09,79,14.64,4,3.553,3.642,3.741,3.701,0.000,0.000,21.75,1.04,19,7
2026-06-01T22_43_04,14542,-46,38.09,79,14.55,4,3.528,3.743,3.729,3.553,0.000,0.000,21.87,4.68,19,17
2026-06-01T22_43_04,14543,-52,40.47,85,14.47,4,3.525,3.751,3.608,3.588,0.000,0.000,23.39,6.06,19,7
2026-06-01T22_43_04,14544,-52,38.46,83,14.63,4,3.520,3.684,3.742,3.684,0.000,0.000,22.08,7.82,19,17
2026-06-01T22_43_04,14545,-52,36.95,84,14.53,4,3.514,3.761,3.711,3.543,0.000,0.000,21.82,5.44,19,7
2026-06-01T22_43_04,14546,-52,34.32,85,14.50,4,3.546,3.682,3.637,3.638,0.000,0.000,21.15,6.44,19,16
2026-06-01T22_43_04,14547,-52,36.45,86,14.56,4,3.540,3.703,3.632,3.686,0.000,0.000,21.99,6.82,19,6
2026-06-01T22_43_04,14548,-52,37.58,88,14.52,4,3.488,3.734,3.723,3.580,0.000,0.000,22.01,10.33,19,16
2026-06-01T22_43_04,14549,-52,34.06,89,14.53,4,3.527,3.691,3.616,3.701,0.000,0.000,21.86,10.33,19,6
2026-06-01T22_43_04,14550,-52,33.06,90,14.45,4,3.489,3.723,3.713,3.529,0.000,0.000,22.53,11.09,19,16
2026-06-01T22_43_04,14551,-52,31.43,94,14.52,4,3.523,3.649,3.656,3.697,0.000,0.000,21.99,10.58,18,6
2026-06-01T22_43_04,14552,-51,36.07,93,14.39,4,3.492,3.739,3.627,3.528,0.000,0.000,22.65,11.71,19,16
2026-06-01T22_43_04,14553,-51,32.56,95,14.43,4,3.457,3.706,3.705,3.559,0.000,0.000,22.66,12.59,19,5
2026-06-01T22_43_04,14554,-53,33.31,95,14.41,4,3.493,3.697,3.576,3.643,0.000,0.000,22.28,12.84,19,15
2026-06-01T22_43_04,14555,-53,30.93,95,14.32,4,3.467,3.704,3.641,3.508,0.000,0.000,23.99,12.59,19,5
2026-06-01T22_43_04,14556,-51,31.81,98,14.27,4,3.449,3.706,3.663,3.456,0.000,0.000,24.57,16.36,19,15
2026-06-01T22_43_04,14557,-51,33.19,99,14.34,4,3.451,3.703,3.647,3.540,0.000,0.000,22.73,13.72,19,5
2026-06-01T22_43_04,14558,-52,31.18,99,14.39,4,3.452,3.711,3.690,3.536,0.000,0.000,23.04,14.10,19,15
2026-06-01T22_43_04,14559,-52,30.30,99,14.42,4,3.467,3.719,3.678,3.552,0.000,0.000,21.25,14.35,19,5
2026-06-01T22_43_05,14560,-51,26.15,99,14.49,4,3.478,3.713,3.698,3.600,0.000,0.000,20.65,14.10,19,15
2026-06-01T22_43_05,14561,-51,24.52,99,14.57,4,3.525,3.659,3.688,3.694,0.000,0.000,19.75,13.60,19,4
2026-06-01T22_43_05,14562,-52,26.78,99,14.51,4,3.519,3.724,3.603,3.663,0.000,0.000,19.74,13.10,19,14
2026-06-01T22_43_05,14563,-52,26.78,99,14.56,4,3.510,3.718,3.728,3.605,0.000,0.000,19.81,13.35,19,4
2026-06-01T22_43_05,14564,-51,26.03,99,14.52,4,3.536,3.722,3.623,3.638,0.000,0.000,19.46,12.47,19,14
2026-06-01T22_43_05,14565,-51,24.14,99,14.56,4,3.524,3.744,3.696,3.594,0.000,0.000,18.77,-0.47,19,4
2026-06-01T22_43_05,14566,-51,25.02,99,14.65,4,3.517,3.751,3.720,3.658,0.000,0.000,18.46,11.71,19,14
2026-06-01T22_43_05,14567,-51,23.64,100,14.66,4,3.525,3.749,3.719,3.665,0.000,0.000,18.04,12.72,19,4
2026-06-01T22_43_05,14568,-53,22.51,99,14.68,4,3.525,3.750,3.726,3.675,0.000,0.000,17.71,11.84,19,14
2026-06-01T22_43_05,14569,-53,22.39,99,14.70,4,3.549,3.731,3.732,3.689,0.000,0.000,17.08,11.46,19,3
2026-06-01T22_43_05,14570,-52,22.13,99,14.71,4,3.564,3.713,3.715,3.721,0.000,0.000,17.19,11.21,19,13
2026-06-01T22_43_05,14571,-52,22.01,99,14.72,4,3.558,3.718,3.734,3.705,0.000,0.000,16.74,11.09,19,3
2026-06-01T22_43_05,14572,-52,20.63,99,14.71,4,3.569,3.719,3.714,3.712,0.000,0.000,16.50,11.46,19,13
2026-06-01T22_43_05,14573,-52,22.26,99,14.73,4,3.553,3.743,3.748,3.682,0.000,0.000,16.96,11.59,19,3
2026-06-01T22_43_05,14574,-52,20.63,99,14.69,4,3.571,3.757,3.676,3.690,0.000,0.000,16.23,11.09,19,13
2026-06-01T22_43_05,14575,-47,20.75,99,14.70,4,3.580,3.771,3.666,3.681,0.000,0.000,16.25,11.21,19,11
2026-06-01T22_43_05,14576,-47,21.38,99,14.77,4,3.560,3.761,3.743,3.704,0.000,0.000,16.09,10.83,19,0
2026-06-01T22_43_05,14577,-47,21.51,99,14.76,4,3.562,3.771,3.750,3.677,0.000,0.000,16.21,10.83,18,10
2026-06-01T22_43_06,14578,-47,20.25,100,14.78,4,3.561,3.784,3.736,3.700,0.000,0.000,15.55,10.08,19,0
2026-06-01T22_43_06,14579,-50,22.76,99,14.73,4,3.587,3.763,3.667,3.715,0.000,0.000,15.82,10.96,19,10
2026-06-01T22_43_06,14580,-50,21.63,99,14.67,4,3.558,3.753,3.709,3.652,0.000,0.000,16.72,12.09,19,0
2026-06-01T22_43_06,14581,-52,20.76,99,14.69,4,3.556,3.764,3.708,3.663,0.000,0.000,16.36,11.34,19,10
2026-06-01T22_43_06,14582,-52,20.38,99,14.72,4,3.558,3.761,3.719,3.684,0.000,0.000,16.38,11.21,19,0
2026-06-01T22_43_06,14583,-52,20.38,99,14.72,4,3.561,3.755,3.729,3.678,0.000,0.000,16.06,11.34,19,10
2026-06-01T22_43_06,14584,-52,21.13,99,14.73,4,3.568,3.757,3.717,3.689,0.000,0.000,16.05,10.96,19,1
2026-06-01T22_43_06,14585,-52,19.75,99,14.73,4,3.573,3.764,3.707,3.685,0.000,0.000,15.77,10.58,19,9
2026-06-01T22_43_06,14586,-52,19.75,99,14.73,4,3.568,3.770,3.733,3.657,0.000,0.000,15.74,11.34,19,1
2026-06-01T22_43_06,14587,-52,20.13,99,14.76,4,3.576,3.765,3.723,3.700,0.000,0.000,15.84,10.21,19,9
2026-06-01T22_43_06,14588,-52,21.13,99,14.75,4,3.575,3.759,3.745,3.671,0.000,0.000,15.30,10.46,19,1
2026-06-01T22_43_06,14589,-52,19.00,99,14.78,4,3.575,3.769,3.733,3.704,0.000,0.000,15.53,11.09,19,9
2026-06-01T22_43_06,14590,-52,19.25,99,14.77,4,3.578,3.770,3.733,3.693,0.000,0.000,15.05,10.58,19,1
2026-06-01T22_43_06,14591,-50,19.37,99,14.77,4,3.581,3.768,3.735,3.684,0.000,0.000,15.04,10.33,19,9
2026-06-01T22_43_06,14592,-50,19.50,99,14.78,4,3.580,3.782,3.724,3.695,0.000,0.000,14.95,10.08,19,0
2026-06-01T22_43_06,14593,-50,17.87,99,14.78,4,3.583,3.779,3.727,3.687,0.000,0.000,14.90,9.58,19,8
2026-06-01T22_43_06,14594,-50,17.99,99,14.77,4,3.590,3.775,3.736,3.672,0.000,0.000,14.68,10.33,19,0
2026-06-01T22_43_06,14595,-49,18.75,99,14.77,4,3.583,3.779,3.736,3.672,0.000,0.000,14.68,9.96,19,8
2026-06-01T22_43_06,14596,-49,18.62,99,14.81,4,3.587,3.789,3.724,3.705,0.000,0.000,14.68,10.71,19,0
2026-06-01T22_43_06,14597,-51,18.62,99,14.79,4,3.593,3.773,3.729,3.696,0.000,0.000,14.67,10.33,19,8
2026-06-01T22_43_07,14598,-51,18.49,99,14.80,4,3.589,3.774,3.731,3.710,0.000,0.000,14.61,9.83,19,0
2026-06-01T22_43_07,14599,-51,20.13,99,14.81,4,3.592,3.769,3.732,3.716,0.000,0.000,14.45,9.96,19,8
2026-06-01T22_43_07,14600,-51,17.99,99,14.82,4,3.593,3.779,3.736,3.710,0.000,0.000,14.38,9.83,19,18
2026-06-01T22_43_07,14601,-49,18.37,100,14.83,4,3.599,3.775,3.734,3.723,0.000,0.000,14.08,9.71,19,7
2026-06-01T22_43_07,14602,-49,18.87,99,14.81,4,3.601,3.771,3.750,3.693,0.000,0.000,14.13,9.83,19,17
2026-06-01T22_43_07,14603,-50,17.24,100,14.83,4,3.598,3.775,3.740,3.721,0.000,0.000,14.06,9.70,19,7
2026-06-01T22_43_07,14604,-50,17.36,99,14.84,4,3.594,3.785,3.731,3.727,0.000,0.000,14.17,9.96,19,17
2026-06-01T22_43_07,14605,-50,18.12,100,14.83,4,3.594,3.795,3.732,3.711,0.000,0.000,14.08,10.08,19,7
2026-06-01T22_43_07,14606,-51,17.62,99,14.81,4,3.599,3.791,3.742,3.682,0.000,0.000,14.09,9.83,19,17
2026-06-01T22_43_07,14607,-51,16.86,97,14.90,4,3.616,3.797,3.757,3.725,0.000,0.000,13.07,8.32,19,7
2026-06-01T22_43_07,14608,-51,15.10,95,15.08,4,3.647,3.830,3.826,3.774,0.000,0.000,11.32,6.44,19,17
2026-06-01T22_43_07,14609,-51,11.84,92,15.32,4,3.735,3.899,3.851,3.833,0.000,0.000,6.27,2.30,19,6
2026-06-01T22_43_07,14610,-52,7.44,82,15.63,4,3.828,3.963,3.941,3.901,0.000,0.000,1.93,-3.23,19,16
2026-06-01T22_43_07,14611,-52,2.55,68,16.08,4,3.969,4.084,4.036,3.988,0.000,0.009,-6.23,-14.91,19,6
2026-06-01T22_43_07,14612,-51,1.92,62,16.36,4,4.021,4.119,4.117,4.101,0.000,0.020,-8.80,-19.56,19,16
2026-06-01T22_43_07,14613,-51,2.67,52,16.49,4,4.089,4.165,4.113,4.124,0.000,0.020,-11.62,-26.84,19,6
2026-06-01T22_43_07,14614,-51,2.92,52,16.42,4,4.069,4.160,4.081,4.113,0.000,0.018,-11.03,-26.46,19,16
2026-06-01T22_43_07,14615,-51,3.55,49,16.42,4,4.069,4.162,4.097,4.088,0.000,0.018,-10.01,-24.58,19,6
2026-06-01T22_43_07,14616,-52,3.42,47,16.43,4,4.070,4.152,4.109,4.096,0.000,0.017,-10.11,-25.58,19,16
2026-06-01T22_43_07,14617,-52,2.67,47,16.35,4,4.054,4.145,4.068,4.080,0.000,0.016,-8.24,-20.81,19,6
2026-06-01T22_43_08,14618,-52,3.67,47,16.30,4,4.031,4.129,4.070,4.072,0.000,0.013,-6.89,-18.55,19,16
2026-06-01T22_43_08,14619,-52,2.67,47,16.27,4,4.012,4.120,4.069,4.067,0.000,0.011,-6.37,-36.61,19,6
2026-06-01T22_43_08,14620,-52,2.55,47,16.21,4,4.003,4.101,4.052,4.053,0.000,0.009,-4.64,-13.40,19,16
2026-06-01T22_43_08,14621,-52,2.42,47,16.17,4,3.994,4.101,4.048,4.027,0.000,0.006,-4.23,-12.52,19,5
2026-06-01T22_43_08,14622,-53,2.04,47,16.14,4,3.989,4.082,4.028,4.043,0.000,0.006,-3.12,-11.39,19,15
2026-06-01T22_43_08,14623,-53,2.55,47,16.11,4,3.974,4.082,4.019,4.032,0.000,0.001,-2.45,-9.63,19,5
2026-06-01T22_43_08,14624,-53,3.42,47,16.07,4,3.963,4.069,4.025,4.014,0.000,0.004,-1.69,-8.25,19,15
2026-06-01T22_43_08,14625,-53,3.80,47,16.04,4,3.953,4.068,4.017,4.001,0.000,0.000,-1.15,-7.00,19,5
2026-06-01T22_43_08,14626,-53,5.69,47,16.01,4,3.945,4.053,4.012,3.999,0.000,0.000,-0.24,-6.49,19,15
2026-06-01T22_43_08,14627,-53,6.56,47,15.99,4,3.937,4.049,4.010,3.995,0.000,0.000,0.22,-5.87,19,5
2026-06-01T22_43_08,14628,-52,12.34,51,15.62,4,3.887,4.011,3.961,3.762,0.000,0.000,3.19,-2.73,19,15
2026-06-01T22_43_08,14629,-52,32.06,63,15.17,4,3.705,3.845,3.849,3.771,0.000,0.000,13.49,-3.48,19,4
2026-06-01T22_43_08,14630,-53,49.01,78,14.52,4,3.498,3.772,3.747,3.504,0.000,0.000,24.89,1.54,19,14
2026-06-01T22_43_08,14631,-53,53.91,91,13.94,4,3.353,3.573,3.434,3.580,0.000,0.000,34.99,17.62,19,4
2026-06-01T22_43_08,14632,-53,54.28,96,13.65,4,3.276,3.594,3.555,3.224,0.000,0.000,38.88,16.61,19,14
2026-06-01T22_43_08,14633,-53,53.53,99,13.62,4,3.253,3.589,3.469,3.305,0.000,0.000,39.11,20.63,19,3
2026-06-01T22_43_08,14634,-53,49.64,99,13.72,4,3.277,3.604,3.520,3.324,0.000,0.000,36.27,20.00,19,13
2026-06-01T22_43_08,14635,-53,45.12,99,13.93,4,3.339,3.615,3.472,3.504,0.000,0.000,33.47,19.63,19,3
2026-06-01T22_43_08,14636,-52,41.85,99,14.03,4,3.365,3.590,3.509,3.567,0.000,0.000,30.50,18.12,19,13
2026-06-01T22_43_08,14637,-52,38.96,99,14.16,4,3.396,3.611,3.536,3.614,0.000,0.000,29.13,17.37,19,3
2026-06-01T22_43_09,14638,-52,35.95,99,14.21,4,3.411,3.564,3.637,3.600,0.000,0.000,26.53,15.36,19,13
2026-06-01T22_43_09,14639,-52,36.33,99,14.28,4,3.425,3.599,3.655,3.597,0.000,0.000,24.50,15.48,19,3
2026-06-01T22_43_09,14640,-52,31.68,99,14.35,4,3.422,3.636,3.660,3.632,0.000,0.000,22.67,14.73,19,13
2026-06-01T22_43_09,14641,-52,30.17,100,14.37,4,3.445,3.655,3.672,3.601,0.000,0.000,25.26,14.48,19,2
2026-06-01T22_43_09,14642,-51,28.66,99,14.41,4,3.473,3.651,3.676,3.613,0.000,0.000,21.67,13.60,19,12
2026-06-01T22_43_09,14643,-51,27.66,99,14.46,4,3.483,3.673,3.635,3.666,0.000,0.000,21.75,14.35,19,2
2026-06-01T22_43_09,14644,-51,27.03,99,14.42,4,3.475,3.716,3.653,3.574,0.000,0.000,21.45,13.35,19,12
2026-06-01T22_43_09,14645,-51,25.15,99,14.50,4,3.480,3.667,3.707,3.647,0.000,0.000,20.28,12.84,19,2
2026-06-01T22_43_09,14646,-51,26.66,99,14.45,4,3.499,3.737,3.644,3.571,0.000,0.000,20.27,13.22,19,12
2026-06-01T22_43_09,14647,-52,26.66,100,14.43,4,3.480,3.691,3.664,3.598,0.000,0.000,20.80,12.47,19,2
2026-06-01T22_43_09,14648,-52,24.65,99,14.49,4,3.486,3.705,3.660,3.635,0.000,0.000,19.96,13.60,19,12
2026-06-01T22_43_09,14649,-52,25.53,99,14.51,4,3.497,3.714,3.663,3.634,0.000,0.000,19.35,13.10,19,1
2026-06-01T22_43_09,14650,-52,24.40,99,14.52,4,3.506,3.719,3.670,3.626,0.000,0.000,18.82,12.97,18,11
2026-06-01T22_43_09,14651,-52,24.77,99,14.57,4,3.511,3.719,3.691,3.649,0.000,0.000,18.28,12.47,19,1
2026-06-01T22_43_09,14652,-52,23.89,100,14.57,4,3.519,3.718,3.664,3.668,0.000,0.000,17.99,12.47,19,11
2026-06-01T22_43_09,14653,-52,22.26,99,14.58,4,3.521,3.742,3.666,3.650,0.000,0.000,17.71,11.96,19,1
2026-06-01T22_43_09,14654,-52,21.26,99,14.63,4,3.530,3.735,3.695,3.666,0.000,0.000,17.40,11.97,19,11
2026-06-01T22_43_09,14655,-51,20.88,99,14.65,4,3.537,3.739,3.701,3.677,0.000,0.000,16.91,12.09,19,1
2026-06-01T22_43_09,14656,-51,20.50,99,14.64,4,3.544,3.738,3.691,3.669,0.000,0.000,16.60,10.96,19,11
2026-06-01T22_43_09,14657,-52,22.51,99,14.66,4,3.546,3.751,3.675,3.688,0.000,0.000,16.68,11.46,19,1
2026-06-01T22_43_10,14658,-52,20.63,99,14.66,4,3.553,3.739,3.709,3.660,0.000,0.000,16.32,10.46,19,10
2026-06-01T22_43_10,14659,-53,19.88,99,14.68,4,3.548,3.756,3.692,3.688,0.000,0.000,15.96,11.09,19,0
2026-06-01T22_43_10,14660,-53,19.50,99,14.68,4,3.557,3.743,3.701,3.677,0.000,0.000,15.77,10.71,19,10
2026-06-01T22_43_10,14661,-50,19.75,99,14.69,4,3.556,3.758,3.695,3.679,0.000,0.000,15.71,10.71,19,0
2026-06-01T22_43_10,14662,-50,20.00,99,14.70,4,3.566,3.748,3.725,3.665,0.000,0.000,15.36,10.71,18,10
2026-06-01T22_43_10,14663,-53,19.00,99,14.70,4,3.566,3.771,3.693,3.672,0.000,0.000,15.28,10.46,19,0
2026-06-01T22_43_10,14664,-53,18.87,99,14.70,4,3.563,3.765,3.697,3.674,0.000,0.000,15.44,10.96,18,10
2026-06-01T22_43_10,14665,-54,19.50,99,14.71,4,3.571,3.760,3.711,3.671,0.000,0.000,15.17,10.21,19,0
2026-06-01T22_43_10,14666,-54,19.37,99,14.75,4,3.565,3.775,3.721,3.685,0.000,0.000,15.22,10.58,18,10
2026-06-01T22_43_10,14667,-52,18.62,99,14.73,4,3.572,3.767,3.715,3.680,0.000,0.000,14.85,10.08,19,1
2026-06-01T22_43_10,14668,-52,18.37,99,14.75,4,3.577,3.744,3.739,3.692,0.000,0.000,14.77,10.08,18,9
2026-06-01T22_43_10,14669,-54,17.99,99,14.76,4,3.567,3.772,3.711,3.715,0.000,0.000,14.74,9.96,19,1
2026-06-01T22_43_10,14670,-54,18.87,99,14.74,4,3.573,3.752,3.719,3.701,0.000,0.000,14.48,9.96,19,9
2026-06-01T22_43_10,14671,-53,19.75,99,14.74,4,3.576,3.762,3.725,3.678,0.000,0.000,14.56,9.70,19,1
2026-06-01T22_43_10,14672,-53,18.24,99,14.76,4,3.574,3.767,3.727,3.692,0.000,0.000,14.65,9.96,19,9
2026-06-01T22_43_10,14673,-52,18.24,99,14.77,4,3.581,3.771,3.713,3.702,0.000,0.000,14.56,9.96,19,1
2026-06-01T22_43_10,14674,-52,18.75,99,14.78,4,3.574,3.773,3.743,3.684,0.000,0.000,14.55,9.96,19,9
2026-06-01T22_43_11,14675,-48,17.87,99,14.79,4,3.579,3.785,3.728,3.697,0.000,0.000,14.23,9.96,19,8
2026-06-01T22_43_11,14676,-53,18.12,99,14.78,4,3.583,3.771,3.732,3.696,0.000,0.000,14.11,10.33,19,0
2026-06-01T22_43_11,14677,-53,19.50,99,14.77,4,3.583,3.769,3.723,3.691,0.000,0.000,14.36,9.96,19,8
2026-06-01T22_43_11,14678,-49,17.74,99,14.78,4,3.576,3.781,3.717,3.708,0.000,0.000,14.29,10.46,19,0
2026-06-01T22_43_11,14679,-49,18.75,99,14.78,4,3.578,3.780,3.712,3.715,0.000,0.000,14.28,9.96,19,8
2026-06-01T22_43_11,14680,-53,18.49,99,14.80,4,3.582,3.772,3.725,3.724,0.000,0.000,14.28,10.21,19,17
2026-06-01T22_43_11,14681,-53,18.12,100,14.77,4,3.588,3.772,3.713,3.693,0.000,0.000,14.17,10.21,19,7
2026-06-01T22_43_11,14682,-52,18.24,99,14.78,4,3.581,3.775,3.738,3.688,0.000,0.000,14.28,10.46,19,17
2026-06-01T22_43_11,14683,-52,18.12,100,14.79,4,3.584,3.777,3.722,3.708,0.000,0.000,14.24,10.21,19,7
2026-06-01T22_43_11,14684,-53,18.12,99,14.76,4,3.586,3.783,3.722,3.672,0.000,0.000,14.18,9.83,19,17
2026-06-01T22_43_11,14685,-53,18.62,100,14.79,4,3.583,3.787,3.721,3.703,0.000,0.000,14.36,10.21,19,7
2026-06-01T22_43_11,14686,-53,17.74,99,14.77,4,3.586,3.779,3.726,3.676,0.000,0.000,13.99,9.70,19,17
2026-06-01T22_43_11,14687,-53,17.74,100,14.79,4,3.588,3.781,3.724,3.701,0.000,0.000,14.07,10.33,19,7
2026-06-01T22_43_11,14688,-52,18.37,99,14.82,4,3.582,3.777,3.755,3.708,0.000,0.000,13.97,9.83,19,17
2026-06-01T22_43_11,14689,-52,16.74,100,14.81,4,3.586,3.784,3.741,3.704,0.000,0.000,13.58,9.58,19,6
2026-06-01T22_43_11,14690,-52,15.61,97,14.93,4,3.612,3.809,3.756,3.751,0.000,0.000,12.17,8.83,19,16
2026-06-01T22_43_11,14691,-52,14.35,94,15.08,4,3.677,3.846,3.796,3.759,0.000,0.000,8.89,5.06,19,6
2026-06-01T22_43_11,14692,-52,12.22,91,15.16,4,3.696,3.861,3.824,3.781,0.000,0.000,7.99,4.30,19,16
2026-06-01T22_43_11,14693,-52,9.96,90,15.29,4,3.728,3.899,3.836,3.823,0.000,0.000,5.81,2.17,19,6
2026-06-01T22_43_11,14694,-45,8.32,84,15.46,4,3.768,3.914,3.920,3.858,0.000,0.000,4.07,-0.72,19,16
2026-06-01T22_43_12,14695,-45,6.94,81,15.54,4,3.808,3.956,3.884,3.890,0.000,0.000,1.63,-3.98,19,6
2026-06-01T22_43_12,14696,-53,5.43,76,15.76,4,3.852,3.987,3.964,3.953,0.000,0.002,-0.48,-5.49,19,16
2026-06-01T22_43_12,14697,-53,2.67,71,15.87,4,3.909,4.033,3.967,3.965,0.000,0.008,-3.36,-9.76,19,6
2026-06-01T22_43_12,14698,-52,2.04,63,16.13,4,3.964,4.075,4.042,4.052,0.000,0.013,-6.47,-15.66,19,16
2026-06-01T22_43_12,14699,-52,2.29,55,16.24,4,4.017,4.114,4.069,4.041,0.000,0.012,-9.48,-20.81,19,6
2026-06-01T22_43_12,14700,-51,2.42,52,16.30,4,4.034,4.141,4.029,4.096,0.000,0.023,-9.67,-23.57,19,16
2026-06-01T22_43_12,14701,-51,2.92,51,16.25,4,4.026,4.125,4.051,4.051,0.000,0.014,-9.70,-21.94,19,5
2026-06-01T22_43_12,14702,-51,2.67,47,16.32,4,4.036,4.140,4.070,4.073,0.000,0.019,-9.98,-23.32,19,15
2026-06-01T22_43_12,14703,-51,3.05,43,16.29,4,4.032,4.113,4.054,4.089,0.000,0.019,-8.37,-21.81,19,5
2026-06-01T22_43_12,14704,-51,2.80,44,16.25,4,4.020,4.116,4.066,4.049,0.000,0.013,-7.90,-21.19,19,15
2026-06-01T22_43_12,14705,-54,3.30,43,16.22,4,4.007,4.104,4.053,4.052,0.000,0.008,-7.24,-18.05,19,5
2026-06-01T22_43_12,14706,-54,2.42,44,16.17,4,3.995,4.092,4.031,4.055,0.000,0.007,-6.07,-15.54,19,15
2026-06-01T22_43_12,14707,-52,2.17,43,16.11,4,3.983,4.083,4.016,4.027,0.000,0.009,-4.60,-13.40,19,5
2026-06-01T22_43_12,14708,-52,2.29,44,16.09,4,3.970,4.085,4.026,4.010,0.000,0.003,-4.06,-12.40,19,15
2026-06-01T22_43_12,14709,-52,2.29,43,16.04,4,3.964,4.065,4.021,3.986,0.000,0.003,-3.02,-10.39,19,4
2026-06-01T22_43_12,14710,-52,2.04,44,16.02,4,3.951,4.054,4.025,3.988,0.000,0.000,-2.34,-9.26,19,14
2026-06-01T22_43_12,14711,-52,2.42,43,16.00,4,3.942,4.051,4.003,4.004,0.000,0.002,-1.53,-7.25,19,4
2026-06-01T22_43_12,14712,-52,5.18,44,15.94,4,3.925,4.047,3.994,3.973,0.000,0.000,-0.51,-6.49,19,14
2026-06-01T22_43_12,14713,-53,8.70,47,15.83,4,3.892,4.017,3.988,3.934,0.000,0.000,1.14,-5.49,19,4
2026-06-01T22_43_12,14714,-53,14.60,51,15.72,4,3.860,3.985,3.941,3.930,0.000,0.000,4.15,-2.10,19,14
2026-06-01T22_43_13,14715,-54,14.60,51,15.70,4,3.858,3.974,3.939,3.924,0.000,0.000,4.28,-1.97,19,4
2026-06-01T22_43_13,14716,-54,13.85,51,15.69,4,3.860,3.973,3.965,3.891,0.000,0.000,3.77,-2.48,19,14
2026-06-01T22_43_13,14717,-53,12.97,51,15.69,4,3.856,4.001,3.915,3.913,0.000,0.000,4.33,-2.22,19,3
2026-06-01T22_43_13,14718,-53,13.97,51,15.69,4,3.848,3.988,3.937,3.914,0.000,0.000,4.20,-2.60,19,13
2026-06-01T22_43_13,14719,-53,14.98,48,15.68,4,3.857,3.973,3.945,3.903,0.000,0.000,3.95,-2.98,19,3
2026-06-01T22_43_13,14720,-53,13.22,51,15.69,4,3.852,3.990,3.924,3.923,0.000,0.000,4.26,-3.10,19,13
2026-06-01T22_43_13,14721,-55,15.35,51,15.60,4,3.840,3.960,3.935,3.868,0.000,0.000,5.54,-3.35,19,3
2026-06-01T22_43_13,14722,-55,16.74,54,15.58,4,3.813,3.953,3.908,3.901,0.000,0.000,5.98,-3.61,19,13
2026-06-01T22_43_13,14723,-56,23.52,59,15.46,4,3.780,3.920,3.897,3.862,0.000,0.000,7.99,-2.22,19,3
2026-06-01T22_43_13,14724,-56,21.76,58,15.48,4,3.775,3.931,3.894,3.879,0.000,0.000,8.68,-1.47,19,13
2026-06-01T22_43_13,14725,-56,20.88,59,15.43,4,3.773,3.932,3.891,3.832,0.000,0.000,8.25,-2.85,19,2
2026-06-01T22_43_13,14726,-56,22.01,60,15.41,4,3.768,3.917,3.889,3.835,0.000,0.000,9.43,-1.09,19,12
2026-06-01T22_43_13,14727,-56,21.89,59,15.43,4,3.772,3.927,3.866,3.862,0.000,0.000,9.03,-2.60,19,2
2026-06-01T22_43_13,14728,-56,22.51,60,15.46,4,3.777,3.921,3.895,3.867,0.000,0.000,8.68,-1.60,19,12
2026-06-01T22_43_13,14729,-56,18.74,59,15.47,4,3.793,3.929,3.870,3.881,0.000,0.000,7.63,-2.73,19,2
2026-06-01T22_43_13,14730,-56,19.00,59,15.49,4,3.801,3.926,3.904,3.857,0.000,0.000,7.66,-1.85,18,12
2026-06-01T22_43_13,14731,-56,16.48,56,15.56,4,3.812,3.945,3.927,3.881,0.000,0.000,5.86,-2.35,19,2
2026-06-01T22_43_13,14732,-56,12.72,54,15.69,4,3.855,3.997,3.917,3.924,0.000,0.000,3.34,-2.48,18,12
2026-06-01T22_43_13,14733,-55,11.71,52,15.75,4,3.866,4.004,3.943,3.935,0.000,0.000,2.92,-4.23,19,1
2026-06-01T22_43_13,14734,-55,11.84,53,15.74,4,3.866,3.996,3.943,3.934,0.000,0.000,2.96,-3.86,18,11
2026-06-01T22_43_14,14735,-52,11.84,52,15.79,4,3.881,4.002,3.963,3.947,0.000,0.000,2.89,-2.98,19,1
2026-06-01T22_43_14,14736,-52,9.08,51,15.80,4,3.883,4.007,3.957,3.952,0.000,0.000,1.62,-4.61,18,11
2026-06-01T22_43_14,14737,-52,10.21,51,15.80,4,3.887,4.008,3.938,3.970,0.000,0.000,2.38,-3.86,19,1
2026-06-01T22_43_14,14738,-52,11.08,50,15.79,4,3.884,3.989,3.986,3.926,0.000,0.000,2.54,-3.98,19,11
2026-06-01T22_43_14,14739,-50,11.09,48,15.79,4,3.876,4.004,3.958,3.948,0.000,0.000,2.52,-3.73,19,1
2026-06-01T22_43_14,14740,-50,11.46,51,15.76,4,3.880,4.014,3.935,3.931,0.000,0.000,2.73,-2.98,19,11
2026-06-01T22_43_14,14741,-50,10.71,51,15.76,4,3.878,3.994,3.963,3.927,0.000,0.000,2.49,-3.36,19,1
2026-06-01T22_43_14,14742,-50,12.59,51,15.74,4,3.873,4.001,3.943,3.927,0.000,0.000,3.41,-4.48,18,10
2026-06-01T22_43_14,14743,-50,13.09,52,15.74,4,3.869,3.983,3.981,3.911,0.000,0.000,3.65,-4.23,19,0
2026-06-01T22_43_14,14744,-50,11.96,51,15.78,4,3.861,4.016,3.935,3.964,0.000,0.000,3.31,-3.23,19,10
2026-06-01T22_43_14,14745,-50,11.21,51,15.80,4,3.882,4.014,3.953,3.951,0.000,0.000,3.11,-3.36,19,0
2026-06-01T22_43_14,14746,-49,10.46,48,15.84,4,3.890,4.006,3.976,3.970,0.000,0.000,2.69,-3.86,19,10
2026-06-01T22_43_14,14747,-49,9.20,47,15.81,4,3.897,4.021,3.945,3.948,0.000,0.000,2.19,-3.23,19,0
2026-06-01T22_43_14,14748,-51,9.70,48,15.83,4,3.895,4.007,3.963,3.964,0.000,0.000,2.48,-3.86,18,10
2026-06-01T22_43_14,14749,-51,10.58,47,15.82,4,3.890,4.016,3.957,3.953,0.000,0.000,2.49,-3.61,18,0
2026-06-01T22_43_14,14750,-51,11.34,48,15.79,4,3.890,3.997,3.979,3.926,0.000,0.000,2.93,-3.48,19,10
2026-06-01T22_43_14,14751,-51,11.59,49,15.71,4,3.866,3.985,3.938,3.926,0.000,0.000,3.48,-2.73,19,1
2026-06-01T22_43_14,14752,-52,15.98,51,15.69,4,3.854,3.980,3.943,3.910,0.000,0.000,4.88,-2.35,19,9
2026-06-01T22_43_14,14753,-52,16.74,53,15.66,4,3.848,3.956,3.930,3.928,0.000,0.000,6.00,-1.85,19,1
2026-06-01T22_43_14,14754,-52,19.37,54,15.58,4,3.823,3.965,3.918,3.876,0.000,0.000,6.48,-2.35,19,9
2026-06-01T22_43_15,14755,-52,18.24,54,15.62,4,3.827,3.963,3.907,3.922,0.000,0.000,6.35,-3.98,19,0
2026-06-01T22_43_15,14756,-49,19.62,55,15.60,4,3.825,3.947,3.926,3.902,0.000,0.000,7.10,-2.35,19,9
2026-06-01T22_43_15,14757,-49,20.63,57,15.49,4,3.800,3.916,3.883,3.891,0.000,0.000,7.97,-2.98,19,0
2026-06-01T22_43_15,14758,-53,23.77,59,15.46,4,3.782,3.912,3.902,3.869,0.000,0.000,9.61,-2.35,19,8
2026-06-01T22_43_15,14759,-53,24.77,60,15.36,4,3.778,3.870,3.865,3.844,0.000,0.000,9.98,-1.60,19,0
2026-06-01T22_43_15,14760,-56,26.28,63,15.33,4,3.747,3.902,3.851,3.833,0.000,0.000,11.88,-3.23,19,8
2026-06-01T22_43_15,14761,-56,25.65,63,15.35,4,3.735,3.901,3.873,3.843,0.000,0.000,10.50,-1.10,19,0
2026-06-01T22_43_15,14762,-56,27.28,65,15.32,4,3.735,3.912,3.843,3.831,0.000,0.000,11.81,-1.60,18,8
2026-06-01T22_43_15,14763,-56,22.76,64,15.33,4,3.748,3.883,3.857,3.845,0.000,0.000,10.95,-3.23,19,18
2026-06-01T22_43_15,14764,-56,26.91,68,15.26,4,3.698,3.886,3.847,3.826,0.000,0.000,13.16,-1.72,19,8
2026-06-01T22_43_15,14765,-56,31.80,71,15.00,4,3.667,3.797,3.784,3.757,0.000,0.000,15.78,-2.48,19,18
2026-06-01T22_43_15,14766,-55,41.98,81,14.59,4,3.518,3.738,3.670,3.664,0.000,0.000,25.24,2.17,19,7
2026-06-01T22_43_15,14767,-55,47.75,94,14.05,4,3.360,3.531,3.573,3.581,0.000,0.000,34.16,15.48,19,17
2026-06-01T22_43_15,14768,-55,52.40,99,13.96,4,3.345,3.468,3.571,3.574,0.000,0.000,37.83,20.38,19,7
2026-06-01T22_43_15,14769,-55,47.38,99,14.07,4,3.365,3.522,3.590,3.592,0.000,0.000,34.55,18.75,19,17
2026-06-01T22_43_15,14770,-54,46.00,99,14.12,4,3.396,3.553,3.584,3.587,0.000,0.000,32.36,18.50,19,7
2026-06-01T22_43_15,14771,-54,42.10,99,14.23,4,3.398,3.587,3.627,3.615,0.000,0.000,30.32,17.24,19,17
2026-06-01T22_43_15,14772,-53,35.45,99,14.38,4,3.459,3.638,3.629,3.653,0.000,0.000,25.69,16.36,19,0
2026-06-01T22_43_16,14773,-54,31.30,99,14.42,4,3.474,3.646,3.627,3.672,0.000,0.000,26.63,14.23,19,7
2026-06-01T22_43_16,14774,-54,33.19,99,14.46,4,3.490,3.640,3.678,3.653,0.000,0.000,21.25,14.60,19,17
2026-06-01T22_43_16,14775,-53,31.81,99,14.50,4,3.502,3.659,3.662,3.679,0.000,0.000,21.40,14.85,19,7
2026-06-01T22_43_16,14776,-53,28.16,100,14.45,4,3.496,3.734,3.643,3.573,0.000,0.000,21.87,13.97,19,17
2026-06-01T22_43_16,14777,-55,29.29,100,14.58,4,3.484,3.723,3.721,3.656,0.000,0.000,22.20,13.22,19,7
2026-06-01T22_43_16,14778,-55,27.29,99,14.54,4,3.529,3.732,3.631,3.646,0.000,0.000,20.45,12.84,19,16
2026-06-01T22_43_16,14779,-55,25.52,100,14.59,4,3.536,3.677,3.698,3.680,0.000,0.000,19.42,12.97,19,6
2026-06-01T22_43_16,14780,-55,26.03,99,14.60,4,3.545,3.720,3.642,3.692,0.000,0.000,19.31,13.22,19,16
2026-06-01T22_43_16,14781,-53,27.03,100,14.53,4,3.522,3.723,3.674,3.612,0.000,0.000,20.37,13.35,19,6
2026-06-01T22_43_16,14782,-53,25.28,99,14.59,4,3.521,3.722,3.708,3.635,0.000,0.000,19.59,13.22,19,16
2026-06-01T22_43_16,14783,-55,24.77,100,14.59,4,3.540,3.712,3.692,3.647,0.000,0.000,19.12,13.47,19,6
2026-06-01T22_43_16,14784,-55,23.64,99,14.63,4,3.539,3.736,3.706,3.646,0.000,0.000,18.50,12.34,19,16
2026-06-01T22_43_16,14785,-55,23.64,100,14.64,4,3.540,3.741,3.715,3.642,0.000,0.000,18.03,12.34,19,6
2026-06-01T22_43_16,14786,-55,22.51,99,14.66,4,3.547,3.742,3.707,3.669,0.000,0.000,17.54,11.97,19,16
2026-06-01T22_43_16,14787,-57,22.89,100,14.70,4,3.558,3.752,3.694,3.693,0.000,0.000,17.40,12.22,19,5
2026-06-01T22_43_16,14788,-57,21.38,99,14.69,4,3.560,3.748,3.720,3.667,0.000,0.000,17.13,11.59,19,15
2026-06-01T22_43_16,14789,-55,20.88,99,14.72,4,3.561,3.763,3.720,3.679,0.000,0.000,16.69,12.09,19,5
2026-06-01T22_43_16,14790,-55,21.01,100,14.73,4,3.568,3.752,3.720,3.691,0.000,0.000,16.61,11.21,19,15
2026-06-01T22_43_16,14791,-55,20.25,99,14.74,4,3.573,3.752,3.732,3.682,0.000,0.000,16.36,11.34,19,5
2026-06-01T22_43_16,14792,-55,20.50,99,14.72,4,3.577,3.759,3.718,3.669,0.000,0.000,16.08,10.58,19,15
2026-06-01T22_43_17,14793,-57,20.38,99,14.74,4,3.578,3.771,3.704,3.692,0.000,0.000,16.04,10.96,19,5
2026-06-01T22_43_17,14794,-57,19.88,99,14.75,4,3.581,3.773,3.724,3.669,0.000,0.000,15.75,10.71,19,15
2026-06-01T22_43_17,14795,-54,19.12,99,14.78,4,3.576,3.771,3.735,3.703,0.000,0.000,15.51,10.96,19,4
2026-06-01T22_43_17,14796,-54,20.63,99,14.78,4,3.583,3.774,3.736,3.690,0.000,0.000,15.56,10.21,19,14
2026-06-01T22_43_17,14797,-54,18.62,99,14.79,4,3.585,3.768,3.737,3.702,0.000,0.000,15.25,10.58,19,4
2026-06-01T22_43_17,14798,-54,18.62,99,14.80,4,3.583,3.775,3.741,3.698,0.000,0.000,15.15,10.46,19,14
2026-06-01T22_43_17,14799,-54,18.37,99,14.81,4,3.588,3.769,3.725,3.726,0.000,0.000,15.10,10.46,18,4
2026-06-01T22_43_17,14800,-54,18.74,99,14.82,4,3.593,3.766,3.743,3.715,0.000,0.000,14.86,10.08,19,14
2026-06-01T22_43_17,14801,-54,19.62,99,14.80,4,3.594,3.773,3.730,3.704,0.000,0.000,14.88,10.21,19,4
2026-06-01T22_43_17,14802,-54,18.49,99,14.84,4,3.596,3.790,3.737,3.712,0.000,0.000,14.51,10.08,19,14
2026-06-01T22_43_17,14803,-54,18.24,91,15.17,4,3.696,3.866,3.814,3.789,0.000,0.000,10.91,3.68,19,4
2026-06-01T22_43_17,14804,-54,8.45,85,15.45,4,3.772,3.913,3.873,3.892,0.000,0.000,3.84,-1.09,19,14
2026-06-01T22_43_17,14805,-54,5.81,71,15.91,4,3.912,4.044,3.980,3.973,0.000,0.009,-2.33,-12.52,19,4
2026-06-01T22_43_17,14806,-55,1.54,64,16.12,4,3.975,4.082,4.025,4.042,0.000,0.019,-8.79,-17.55,19,14
2026-06-01T22_43_17,14807,-55,2.04,56,16.23,4,4.016,4.115,4.041,4.055,0.000,0.019,-10.09,-22.82,18,3
2026-06-01T22_43_17,14808,-57,3.17,51,16.33,4,4.052,4.130,4.067,4.084,0.000,0.023,-11.43,-26.46,19,13
2026-06-01T22_43_17,14809,-57,3.67,47,16.36,4,4.055,4.142,4.086,4.081,0.000,0.018,-11.96,-32.49,18,3
2026-06-01T22_43_17,14810,-57,4.18,41,16.37,4,4.059,4.111,4.105,4.095,0.000,0.014,-11.31,-28.60,19,13
2026-06-01T22_43_17,14811,-57,4.68,36,16.37,4,4.060,4.150,4.095,4.067,0.000,0.017,-11.62,-31.73,19,3
2026-06-01T22_43_17,14812,-60,4.30,34,16.37,4,4.056,4.158,4.063,4.093,0.000,0.018,-11.01,-30.23,19,13
2026-06-01T22_43_18,14813,-60,4.80,31,16.34,4,4.058,4.125,4.113,4.049,0.000,0.011,-9.91,-30.23,19,3
2026-06-01T22_43_18,14814,-58,4.05,32,16.28,4,4.031,4.149,4.042,4.053,0.000,0.014,-8.77,-27.21,19,13
2026-06-01T22_43_18,14815,-58,3.67,34,16.22,4,4.014,4.120,4.059,4.028,0.000,0.008,-7.46,-25.46,19,3
2026-06-01T22_43_18,14816,-58,3.42,32,16.18,4,4.008,4.110,4.029,4.037,0.000,0.010,-6.14,-19.05,19,13
2026-06-01T22_43_18,14817,-58,3.55,31,16.19,4,4.013,4.095,4.053,4.032,0.000,0.004,-5.38,-17.67,19,2
2026-06-01T22_43_18,14818,-52,3.30,31,16.18,4,3.999,4.094,4.036,4.053,0.000,0.009,-5.69,-16.54,19,12
2026-06-01T22_43_18,14819,-52,2.80,28,16.16,4,3.997,4.095,4.040,4.031,0.000,0.008,-4.69,-15.41,20,4
2026-06-01T22_43_18,14820,-47,2.17,29,16.14,4,3.983,4.085,4.034,4.036,0.000,0.002,-3.84,-14.03,19,12
2026-06-01T22_43_18,14821,-47,1.79,27,16.10,4,3.978,4.077,4.033,4.014,0.000,0.002,-3.28,-11.02,19,2
2026-06-01T22_43_18,14822,-47,2.04,29,16.07,4,3.966,4.070,4.024,4.013,0.000,0.000,-2.74,-9.26,19,12
2026-06-01T22_43_18,14823,-47,1.79,30,16.06,4,3.959,4.068,4.005,4.024,0.000,0.002,-2.26,-7.75,19,2
2026-06-01T22_43_18,14824,-42,1.42,29,16.03,4,3.954,4.058,4.015,4.005,0.000,0.000,-1.83,-6.24,19,12
2026-06-01T22_43_18,14825,-42,1.79,27,16.01,4,3.948,4.059,4.009,3.994,0.000,0.000,-1.38,-5.36,19,2
2026-06-01T22_43_18,14826,-46,2.29,29,16.00,4,3.946,4.049,4.007,3.993,0.000,0.003,-0.84,-4.24,19,11
2026-06-01T22_43_18,14827,-46,2.29,28,15.98,4,3.941,4.048,3.996,3.998,0.000,0.000,-0.48,-5.62,19,2
2026-06-01T22_43_18,14828,-46,1.29,25,16.04,4,3.958,4.070,4.016,4.000,0.000,0.000,-1.86,-7.00,19,11
2026-06-01T22_43_18,14829,-46,1.42,24,16.05,4,3.958,4.065,4.008,4.015,0.000,0.001,-1.86,-6.12,19,1
2026-06-01T22_43_18,14830,-46,1.29,25,16.04,4,3.954,4.061,4.007,4.016,0.000,0.002,-1.15,-5.24,19,11
2026-06-01T22_43_18,14831,-46,1.67,25,16.02,4,3.949,4.060,4.012,3.995,0.000,0.000,-0.93,-4.23,19,1
2026-06-01T22_43_18,14832,-47,1.42,25,16.00,4,3.943,4.053,4.015,3.991,0.000,0.000,-0.52,-3.23,19,11
2026-06-01T22_43_19,14833,-47,2.55,27,16.00,4,3.941,4.053,4.006,3.998,0.000,0.000,-0.12,-2.98,19,1
2026-06-01T22_43_19,14834,-44,4.05,25,15.97,4,3.940,4.047,4.005,3.982,0.000,0.000,0.07,-2.22,19,11
2026-06-01T22_43_19,14835,-44,3.30,27,15.98,4,3.938,4.047,4.001,3.991,0.000,0.000,0.38,-1.72,19,0
2026-06-01T22_43_19,14836,-46,4.18,25,15.97,4,3.932,4.047,4.001,3.989,0.000,0.000,0.60,-1.85,18,10
2026-06-01T22_43_19,14837,-46,3.55,27,15.97,4,3.933,4.047,4.005,3.984,0.000,0.000,0.54,-2.10,19,0
2026-06-01T22_43_19,14838,-47,4.18,25,15.96,4,3.932,4.041,4.004,3.987,0.000,0.000,0.60,-1.97,19,10
2026-06-01T22_43_19,14839,-47,4.56,24,15.96,4,3.933,4.038,4.002,3.984,0.000,0.000,0.96,-1.72,19,0
2026-06-01T22_43_19,14840,-47,4.55,25,15.96,4,3.931,4.041,4.000,3.989,0.000,0.000,0.81,-2.22,19,10
2026-06-01T22_43_19,14841,-47,4.18,23,15.98,4,3.936,4.047,4.006,3.992,0.000,0.000,0.73,-2.10,19,0
2026-06-01T22_43_19,14842,-48,0.91,21,16.04,4,3.957,4.062,4.011,4.011,0.000,0.000,-0.70,-3.10,18,10
2026-06-01T22_43_19,14843,-48,1.42,16,16.10,4,3.974,4.077,4.027,4.021,0.000,0.001,-1.26,-5.24,19,0
2026-06-01T22_43_19,14844,-48,1.16,15,16.09,4,3.970,4.070,4.028,4.019,0.000,0.001,-1.67,-5.87,19,9
2026-06-01T22_43_19,14845,-48,30.80,15,16.08,4,3.967,4.068,4.026,4.019,0.000,0.001,-0.93,-4.61,19,0
2026-06-01T22_43_19,14846,-47,1.42,15,16.07,4,3.968,4.067,4.023,4.014,0.000,0.001,-1.06,-4.23,19,9
2026-06-01T22_43_19,14847,-47,1.42,10,16.12,4,3.977,4.082,4.036,4.023,0.000,0.000,-1.58,-5.49,18,0
2026-06-01T22_43_19,14848,-47,1.67,6,16.11,4,3.977,4.077,4.034,4.022,0.000,0.000,-1.73,-8.00,19,9
2026-06-01T22_43_19,14849,-48,2.17,4,16.10,4,3.972,4.074,4.031,4.020,0.000,0.001,-1.38,-7.63,19,0
2026-06-01T22_43_19,14850,-48,2.29,0,16.08,4,3.967,4.070,4.026,4.016,0.000,0.000,-0.73,-5.24,18,9
2026-06-01T22_43_19,14851,-45,1.29,0,16.07,4,3.965,4.070,4.024,4.012,0.000,0.000,-0.71,-4.86,19,0
2026-06-01T22_43_19,14852,-45,1.67,0,16.07,4,3.964,4.068,4.026,4.012,0.000,0.001,-0.46,-3.36,19,9
2026-06-01T22_43_20,14853,-49,1.42,0,16.07,4,3.963,4.067,4.026,4.013,0.000,0.000,-0.46,-1.85,19,0
2026-06-01T22_43_20,14854,-49,1.16,0,16.07,4,3.963,4.068,4.026,4.012,0.000,0.000,-0.46,-1.47,19,8
2026-06-01T22_43_20,14855,-48,0.91,0,16.07,4,3.963,4.068,4.025,4.011,0.000,0.000,-0.33,-1.85,19,18
2026-06-01T22_43_20,14856,-48,1.16,0,16.07,4,3.963,4.068,4.026,4.013,0.000,0.000,-0.43,-1.60,19,8
2026-06-01T22_43_20,14857,-48,1.04,0,16.07,4,3.963,4.068,4.026,4.012,0.000,0.000,-0.43,-1.60,19,18
2026-06-01T22_43_20,14858,-48,0.91,0,16.07,4,3.964,4.069,4.026,4.013,0.000,0.000,-0.31,-1.97,19,8
2026-06-01T22_43_20,14859,-48,0.66,0,16.07,4,3.964,4.069,4.027,4.014,0.000,0.000,-0.31,-1.72,19,18
2026-06-01T22_43_20,14860,-48,0.91,1,16.08,4,3.965,4.069,4.028,4.014,0.000,0.000,-0.28,-1.47,19,8
2026-06-01T22_43_20,14861,-48,0.79,2,16.08,4,3.965,4.070,4.028,4.014,0.000,0.000,-0.36,-1.47,19,18
2026-06-01T22_43_20,14862,-48,1.04,3,16.08,4,3.966,4.071,4.029,4.014,0.000,0.000,-0.25,-1.35,19,7
2026-06-01T22_43_20,14863,-48,0.91,2,16.08,4,3.967,4.071,4.029,4.016,0.000,0.000,-0.34,-1.60,19,17
2026-06-01T22_43_20,14864,-48,1.42,3,16.08,4,3.967,4.071,4.030,4.015,0.000,0.000,-0.29,-1.47,19,7
2026-06-01T22_43_20,14865,-47,2.55,6,16.03,4,3.959,4.059,4.007,4.005,0.000,0.000,0.29,-1.47,19,17
2026-06-01T22_43_20,14866,-47,8.32,12,15.98,4,3.936,4.046,4.008,3.989,0.000,0.000,2.05,-2.47,19,7
2026-06-01T22_43_20,14867,-47,7.19,12,15.96,4,3.937,4.046,3.991,3.986,0.000,0.000,1.76,-2.48,19,17
2026-06-01T22_43_20,14868,-47,9.70,16,15.96,4,3.929,4.040,4.005,3.984,0.000,0.000,2.26,-2.22,19,7
2026-06-01T22_43_20,14869,-46,9.58,15,15.95,4,3.925,4.043,4.003,3.978,0.000,0.000,2.80,-2.10,19,16
2026-06-01T22_43_20,14870,-46,9.45,12,15.95,4,3.927,4.039,4.006,3.980,0.000,0.000,2.61,-2.73,19,6
2026-06-01T22_43_20,14871,-45,8.20,16,15.97,4,3.933,4.043,4.003,3.993,0.000,0.000,2.17,-2.10,19,16
2026-06-01T22_43_20,14872,-45,10.96,19,15.95,4,3.923,4.039,4.001,3.982,0.000,0.000,2.69,-3.35,19,6
2026-06-01T22_43_21,14873,-44,8.95,15,15.97,4,3.931,4.042,4.003,3.990,0.000,0.000,2.18,-2.10,20,4
2026-06-01T22_43_21,14874,-44,10.46,20,15.93,4,3.920,4.035,3.999,3.978,0.000,0.000,2.94,-1.97,19,13
2026-06-01T22_43_21,14875,-44,9.95,23,15.95,4,3.924,4.042,4.001,3.983,0.000,0.000,2.74,-2.10,19,2
2026-06-01T22_43_21,14876,-45,8.82,20,15.96,4,3.929,4.039,4.004,3.985,0.000,0.000,2.29,-2.60,19,12
2026-06-01T22_43_21,14877,-45,7.69,23,15.97,4,3.935,4.043,4.009,3.988,0.000,0.000,1.91,-1.85,19,2
2026-06-01T22_43_21,14878,-45,7.19,20,15.98,4,3.937,4.049,4.008,3.989,0.000,0.000,1.84,-1.85,19,12
2026-06-01T22_43_21,14879,-45,11.46,23,15.91,4,3.918,4.029,3.997,3.966,0.000,0.000,2.47,-2.35,19,2
2026-06-01T22_43_21,14880,-45,14.22,25,15.88,4,3.905,4.029,3.989,3.958,0.000,0.000,3.43,-2.85,19,12
2026-06-01T22_43_21,14881,-45,12.47,24,15.91,4,3.909,4.033,3.995,3.974,0.000,0.000,3.76,-2.48,19,2
2026-06-01T22_43_21,14882,-46,11.96,25,15.91,4,3.920,4.033,3.994,3.965,0.000,0.000,3.22,-2.22,19,12
2026-06-01T22_43_21,14883,-46,12.09,27,15.91,4,3.911,4.032,3.995,3.973,0.000,0.000,2.86,-3.23,19,2
2026-06-01T22_43_21,14884,-43,12.09,27,15.92,4,3.914,4.033,3.998,3.970,0.000,0.000,3.18,-2.22,19,11
2026-06-01T22_43_21,14885,-43,11.59,28,15.93,4,3.916,4.038,4.002,3.976,0.000,0.000,3.30,-2.60,19,1
2026-06-01T22_43_21,14886,-48,10.33,27,15.94,4,3.921,4.041,4.000,3.981,0.000,0.000,2.60,-2.35,19,11
2026-06-01T22_43_21,14887,-48,9.70,24,15.95,4,3.928,4.038,4.001,3.979,0.000,0.000,2.11,-1.97,19,1
2026-06-01T22_43_21,14888,-50,10.21,27,15.95,4,3.925,4.044,4.004,3.981,0.000,0.000,2.67,-1.97,19,11
2026-06-01T22_43_21,14889,-50,8.57,24,15.97,4,3.933,4.043,4.005,3.988,0.000,0.000,2.13,-2.48,19,1
2026-06-01T22_43_21,14890,-49,8.70,27,15.97,4,3.932,4.042,4.006,3.992,0.000,0.000,2.31,-1.85,19,11
2026-06-01T22_43_21,14891,-49,8.57,27,15.98,4,3.936,4.046,4.006,3.989,0.000,0.000,2.52,-1.72,19,1
2026-06-01T22_43_22,14892,-49,7.57,26,15.98,4,3.935,4.051,4.004,3.992,0.000,0.000,2.27,-1.85,18,10
2026-06-01T22_43_22,14893,-49,8.20,28,15.99,4,3.935,4.051,4.009,3.991,0.000,0.000,2.11,-2.48,19,0
2026-06-01T22_43_22,14894,-49,2.17,22,16.09,4,3.970,4.069,4.035,4.020,0.000,0.000,0.08,-2.35,19,10
2026-06-01T22_43_22,14895,-49,1.04,20,16.16,4,3.991,4.088,4.048,4.035,0.000,0.001,-1.47,-4.86,19,0
2026-06-01T22_43_22,14896,-49,0.91,17,16.16,4,3.988,4.087,4.044,4.037,0.000,0.001,-1.14,-4.11,19,10
2026-06-01T22_43_22,14897,-49,1.42,16,16.15,4,3.987,4.088,4.043,4.030,0.000,0.001,-0.92,-3.86,19,0
2026-06-01T22_43_22,14898,-48,0.91,17,16.14,4,3.983,4.086,4.042,4.034,0.000,0.000,-0.77,-2.98,19,10
2026-06-01T22_43_22,14899,-48,2.04,19,16.14,4,3.980,4.082,4.041,4.032,0.000,0.000,-0.40,-2.23,19,0
2026-06-01T22_43_22,14900,-45,1.79,17,16.12,4,3.980,4.080,4.037,4.023,0.000,0.000,-0.25,-1.47,19,10
2026-06-01T22_43_22,14901,-45,2.29,17,16.12,4,3.975,4.081,4.036,4.027,0.000,0.000,-0.09,-1.97,19,1
2026-06-01T22_43_22,14902,-45,2.67,17,16.12,4,3.975,4.083,4.034,4.025,0.000,0.000,0.08,-1.72,19,9
2026-06-01T22_43_22,14903,-50,2.67,17,16.11,4,3.974,4.080,4.035,4.024,0.000,0.000,0.04,-1.47,19,0
2026-06-01T22_43_22,14904,-50,2.17,17,16.11,4,3.974,4.076,4.037,4.028,0.000,0.000,0.23,-2.10,19,9
2026-06-01T22_43_22,14905,-50,2.42,17,16.11,4,3.974,4.079,4.034,4.025,0.000,0.000,0.29,-1.22,18,0
2026-06-01T22_43_22,14906,-50,2.80,17,16.11,4,3.973,4.078,4.035,4.022,0.000,0.000,0.51,-1.60,19,9
2026-06-01T22_43_22,14907,-52,3.42,17,16.11,4,3.972,4.076,4.037,4.021,0.000,0.000,0.52,-1.47,19,0
2026-06-01T22_43_22,14908,-52,3.30,17,16.11,4,3.972,4.078,4.036,4.023,0.000,0.000,0.59,-1.47,19,9
2026-06-01T22_43_22,14909,-52,3.68,17,16.11,4,3.974,4.075,4.037,4.024,0.000,0.000,0.54,-1.35,19,0
2026-06-01T22_43_22,14910,-52,3.05,17,16.11,4,3.971,4.077,4.036,4.025,0.000,0.000,0.59,-1.47,19,8
2026-06-01T22_43_22,14911,-49,3.17,17,16.11,4,3.972,4.077,4.035,4.021,0.000,0.000,0.76,-1.35,19,18
2026-06-01T22_43_23,14912,-49,3.55,17,16.11,4,3.971,4.077,4.035,4.023,0.000,0.000,0.84,-1.35,19,8
2026-06-01T22_43_23,14913,-52,3.68,18,16.10,4,3.970,4.078,4.036,4.018,0.000,0.000,0.76,-1.35,19,18
2026-06-01T22_43_23,14914,-52,3.68,18,16.10,4,3.970,4.078,4.034,4.022,0.000,0.000,0.79,-1.85,19,8
2026-06-01T22_43_23,14915,-48,6.06,20,16.06,4,3.960,4.064,4.022,4.012,0.000,0.000,1.51,-1.85,19,18
2026-06-01T22_43_23,14916,-48,7.82,22,16.04,4,3.953,4.060,4.028,4.004,0.000,0.000,2.03,-1.72,19,8
2026-06-01T22_43_23,14917,-51,7.57,21,16.05,4,3.955,4.064,4.026,4.002,0.000,0.000,1.87,-2.10,19,18
2026-06-01T22_43_23,14918,-51,7.19,24,16.06,4,3.955,4.067,4.028,4.013,0.000,0.000,1.86,-1.72,19,7
2026-06-01T22_43_23,14919,-48,6.56,21,16.06,4,3.958,4.068,4.025,4.011,0.000,0.000,1.69,-1.35,19,17
2026-06-01T22_43_23,14920,-48,7.19,23,16.05,4,3.953,4.060,4.022,4.016,0.000,0.000,1.77,-1.85,19,7
2026-06-01T22_43_23,14921,-52,7.19,23,16.06,4,3.955,4.065,4.027,4.010,0.000,0.000,1.93,-1.72,19,17
2026-06-01T22_43_23,14922,-52,7.19,25,16.06,4,3.955,4.062,4.024,4.015,0.000,0.000,1.89,-1.60,19,7
2026-06-01T22_43_23,14923,-52,6.19,23,16.06,4,3.958,4.068,4.024,4.014,0.000,0.000,1.70,-1.72,19,17
2026-06-01T22_43_23,14924,-52,5.81,23,16.06,4,3.958,4.069,4.023,4.010,0.000,0.000,1.52,-1.85,19,7
2026-06-01T22_43_23,14925,-53,6.31,22,16.06,4,3.959,4.067,4.027,4.009,0.000,0.000,1.65,-1.72,19,16
2026-06-01T22_43_23,14926,-53,6.44,23,16.07,4,3.959,4.069,4.025,4.017,0.000,0.000,1.73,-1.85,19,6
2026-06-01T22_43_23,14927,-52,6.81,23,16.07,4,3.961,4.069,4.024,4.014,0.000,0.000,1.52,-1.72,19,16
2026-06-01T22_43_23,14928,-52,7.57,23,16.05,4,3.952,4.061,4.024,4.009,0.000,0.000,2.22,-2.48,19,6
2026-06-01T22_43_23,14929,-52,7.95,25,16.05,4,3.950,4.064,4.024,4.008,0.000,0.000,2.10,-1.97,19,16
2026-06-01T22_43_23,14930,-52,7.44,23,16.05,4,3.952,4.063,4.024,4.011,0.000,0.000,1.92,-1.60,19,6
2026-06-01T22_43_23,14931,-51,7.82,25,16.06,4,3.952,4.065,4.025,4.015,0.000,0.000,2.00,-2.10,19,16
2026-06-01T22_43_24,14932,-51,7.32,27,16.05,4,3.955,4.065,4.024,4.009,0.000,0.000,2.10,-1.72,19,6
2026-06-01T22_43_24,14933,-51,8.70,26,16.03,4,3.955,4.059,4.016,4.000,0.000,0.000,2.08,-1.72,19,15
2026-06-01T22_43_24,14934,-51,9.20,28,16.04,4,3.951,4.058,4.019,4.011,0.000,0.000,2.49,-1.72,19,5
2026-06-01T22_43_24,14935,-44,8.07,26,16.04,4,3.952,4.065,4.017,4.005,0.000,0.000,2.31,-1.60,19,15
2026-06-01T22_43_24,14936,-44,7.69,27,16.05,4,3.950,4.064,4.026,4.012,0.000,0.000,2.01,-1.85,19,5
2026-06-01T22_43_24,14937,-51,8.07,26,16.05,4,3.954,4.065,4.023,4.007,0.000,0.000,2.22,-1.72,19,15
2026-06-01T22_43_24,14938,-51,7.95,27,16.06,4,3.954,4.067,4.031,4.004,0.000,0.000,2.17,-1.47,19,5
2026-06-01T22_43_24,14939,-52,8.20,26,16.05,4,3.957,4.065,4.021,4.008,0.000,0.000,1.74,-1.97,19,15
2026-06-01T22_43_24,14940,-52,7.69,27,16.05,4,3.957,4.062,4.029,4.005,0.000,0.000,2.16,-3.10,18,5
2026-06-01T22_43_24,14941,-52,7.07,26,16.06,4,3.957,4.068,4.026,4.007,0.000,0.000,1.95,-2.22,19,14
2026-06-01T22_43_24,14942,-52,7.32,28,16.06,4,3.959,4.066,4.030,4.009,0.000,0.000,1.81,-2.60,19,4
2026-06-01T22_43_24,14943,-50,8.95,28,16.02,4,3.949,4.055,4.023,3.991,0.000,0.000,2.27,-2.60,19,14
2026-06-01T22_43_24,14944,-50,9.83,31,16.02,4,3.942,4.059,4.021,3.994,0.000,0.000,2.91,-2.22,19,4
2026-06-01T22_43_24,14945,-51,11.59,31,15.97,4,3.932,4.041,4.015,3.985,0.000,0.000,3.13,-2.85,19,14
2026-06-01T22_43_24,14946,-51,13.47,31,15.97,4,3.928,4.046,4.011,3.983,0.000,0.000,3.88,-2.73,19,4
2026-06-01T22_43_24,14947,-51,12.97,32,15.98,4,3.928,4.046,4.013,3.993,0.000,0.000,3.83,-2.35,19,14
2026-06-01T22_43_24,14948,-51,12.72,33,15.95,4,3.923,4.035,3.998,3.990,0.000,0.000,4.06,-2.22,19,4
2026-06-01T22_43_24,14949,-51,16.23,34,15.91,4,3.912,4.028,3.992,3.983,0.000,0.000,4.85,-3.10,19,13
2026-06-01T22_43_24,14950,-51,21.13,36,15.82,4,3.885,4.004,3.972,3.958,0.000,0.000,6.59,-2.85,19,3
2026-06-01T22_43_24,14951,-51,18.49,38,15.84,4,3.886,4.008,3.981,3.968,0.000,0.000,5.72,-3.48,19,13
2026-06-01T22_43_25,14952,-53,18.62,39,15.86,4,3.892,4.010,3.992,3.964,0.000,0.000,6.17,-3.48,19,3
2026-06-01T22_43_25,14953,-53,17.87,38,15.87,4,3.900,4.011,3.990,3.970,0.000,0.000,5.71,-2.35,19,13
2026-06-01T22_43_25,14954,-53,16.86,36,15.88,4,3.903,4.029,3.986,3.966,0.000,0.000,5.10,-2.98,19,3
2026-06-01T22_43_25,14955,-53,15.86,38,15.90,4,3.911,4.023,3.995,3.969,0.000,0.000,4.97,-3.10,19,12
2026-06-01T22_43_25,14956,-50,16.61,39,15.85,4,3.897,4.018,3.974,3.965,0.000,0.000,4.59,-3.10,19,2
2026-06-01T22_43_25,14957,-50,18.87,42,15.82,4,3.888,4.010,3.979,3.941,0.000,0.000,6.40,-4.48,19,12
2026-06-01T22_43_25,14958,-51,18.37,43,15.85,4,3.888,4.016,3.976,3.968,0.000,0.000,5.95,-3.10,19,2
2026-06-01T22_43_25,14959,-51,16.61,42,15.84,4,3.894,4.024,3.964,3.960,0.000,0.000,5.63,-3.86,19,12
2026-06-01T22_43_25,14960,-51,16.86,39,15.87,4,3.902,4.010,3.983,3.979,0.000,0.000,5.56,-2.85,19,2
2026-06-01T22_43_25,14961,-51,15.73,42,15.88,4,3.898,4.022,3.998,3.963,0.000,0.000,4.91,-2.85,19,12
2026-06-01T22_43_25,14962,-48,15.86,43,15.88,4,3.903,4.024,3.989,3.963,0.000,0.000,4.42,-3.23,19,2
2026-06-01T22_43_25,14963,-48,15.48,42,15.91,4,3.910,4.020,3.985,3.997,0.000,0.000,4.70,-2.48,19,11
2026-06-01T22_43_25,14964,-51,16.36,43,15.86,4,3.891,4.026,3.979,3.964,0.000,0.000,5.30,-3.10,19,1
2026-06-01T22_43_25,14965,-51,16.74,43,15.86,4,3.898,4.015,3.992,3.957,0.000,0.000,5.45,-2.73,19,11
2026-06-01T22_43_25,14966,-51,26.28,51,15.65,4,3.820,3.971,3.937,3.923,0.000,0.000,8.54,-3.23,19,1
2026-06-01T22_43_25,14967,-51,28.54,51,15.63,4,3.823,3.961,3.948,3.897,0.000,0.000,9.83,-5.87,19,11
2026-06-01T22_43_25,14968,-50,37.46,62,15.24,4,3.707,3.893,3.824,3.813,0.000,0.000,14.13,-4.99,19,1
2026-06-01T22_43_25,14969,-50,47.88,68,14.96,4,3.616,3.807,3.806,3.734,0.000,0.000,23.83,-2.85,18,10
2026-06-01T22_43_25,14970,-51,51.52,75,14.81,4,3.517,3.788,3.812,3.691,0.000,0.000,27.70,3.05,19,0
2026-06-01T22_43_25,14971,-51,53.03,76,14.78,4,3.521,3.785,3.798,3.680,0.000,0.000,26.79,-1.60,19,10
2026-06-01T22_43_26,14972,-51,48.00,79,14.78,4,3.559,3.804,3.791,3.625,0.000,0.000,26.05,7.82,19,4
2026-06-01T22_43_26,14973,-49,45.49,80,14.82,4,3.552,3.804,3.812,3.652,0.000,0.000,24.38,3.80,19,14
2026-06-01T22_43_26,14974,-49,44.36,82,14.62,4,3.538,3.809,3.749,3.520,0.000,0.000,25.94,6.69,19,3
2026-06-01T22_43_26,14975,-51,40.97,83,14.70,4,3.579,3.780,3.697,3.642,0.000,0.000,24.32,5.94,19,13
2026-06-01T22_43_26,14976,-51,38.58,87,14.79,4,3.558,3.711,3.760,3.756,0.000,0.000,24.30,6.31,19,3
2026-06-01T22_43_26,14977,-51,40.35,89,14.55,4,3.514,3.772,3.736,3.529,0.000,0.000,26.65,9.33,19,13
2026-06-01T22_43_26,14978,-51,43.11,95,14.58,4,3.519,3.645,3.704,3.709,0.000,0.000,27.01,12.59,19,3
2026-06-01T22_43_26,14979,-50,39.96,94,14.47,4,3.504,3.722,3.617,3.629,0.000,0.000,28.81,12.84,19,13
2026-06-01T22_43_26,14980,-50,41.09,98,14.35,4,3.464,3.708,3.628,3.554,0.000,0.000,29.62,15.98,19,3
2026-06-01T22_43_26,14981,-50,41.60,99,14.43,4,3.478,3.630,3.637,3.687,0.000,0.000,30.63,16.49,19,13
2026-06-01T22_43_26,14982,-50,35.70,99,14.49,4,3.491,3.652,3.696,3.648,0.000,0.000,27.41,17.24,19,2
2026-06-01T22_43_26,14983,-51,37.96,99,14.55,4,3.491,3.687,3.726,3.649,0.000,0.000,25.40,16.36,19,12
2026-06-01T22_43_26,14984,-51,36.33,99,14.51,4,3.498,3.737,3.724,3.553,0.000,0.000,24.09,15.86,19,2
2026-06-01T22_43_26,14985,-50,31.93,99,14.59,4,3.513,3.743,3.737,3.600,0.000,0.000,25.19,15.36,19,12
2026-06-01T22_43_26,14986,-50,32.68,99,14.61,4,3.522,3.762,3.744,3.581,0.000,0.000,23.13,15.36,19,2
2026-06-01T22_43_26,14987,-51,29.04,100,14.73,4,3.553,3.707,3.749,3.717,0.000,0.000,21.72,13.35,19,12
2026-06-01T22_43_26,14988,-51,27.54,100,14.67,4,3.575,3.741,3.667,3.691,0.000,0.000,21.43,13.60,19,2
2026-06-01T22_43_26,14989,-51,26.78,99,14.68,4,3.568,3.778,3.716,3.621,0.000,0.000,21.02,13.97,19,12
2026-06-01T22_43_26,14990,-51,27.79,99,14.76,4,3.585,3.769,3.687,3.719,0.000,0.000,20.46,13.35,19,1
2026-06-01T22_43_27,14991,-51,26.41,99,14.75,4,3.586,3.785,3.712,3.665,0.000,0.000,20.01,13.35,19,11
2026-06-01T22_43_27,14992,-51,26.15,99,14.79,4,3.579,3.786,3.762,3.660,0.000,0.000,19.31,12.47,19,1
2026-06-01T22_43_27,14993,-51,25.40,99,14.81,4,3.586,3.794,3.777,3.652,0.000,0.000,19.01,12.59,19,11
2026-06-01T22_43_27,14994,-51,27.41,99,14.83,4,3.606,3.792,3.724,3.704,0.000,0.000,18.65,13.22,19,1
2026-06-01T22_43_27,14995,-50,23.39,99,14.85,4,3.612,3.788,3.736,3.712,0.000,0.000,18.15,11.21,19,11
2026-06-01T22_43_27,14996,-50,24.27,99,14.82,4,3.607,3.805,3.745,3.664,0.000,0.000,18.10,11.21,19,1
2026-06-01T22_43_27,14997,-51,22.76,99,14.90,4,3.600,3.788,3.779,3.734,0.000,0.000,17.29,11.96,19,10
2026-06-01T22_43_27,14998,-51,22.26,99,14.85,4,3.594,3.803,3.783,3.667,0.000,0.000,17.11,12.09,31,0
2026-06-01T22_43_27,14999,-51,22.76,99,14.93,4,3.615,3.788,3.801,3.727,0.000,0.000,17.25,11.59,19,10
2026-06-01T22_43_27,15000,-51,21.13,99,14.89,4,3.637,3.756,3.748,3.753,0.000,0.000,16.65,11.34,19,0
2026-06-01T22_43_27,15001,-51,21.01,99,14.91,4,3.615,3.823,3.765,3.709,0.000,0.000,16.54,10.96,19,10
2026-06-01T22_43_27,15002,-49,21.89,99,14.94,4,3.613,3.800,3.787,3.744,0.000,0.000,16.61,11.59,19,0
2026-06-01T22_43_27,15003,-49,22.26,99,14.86,4,3.609,3.777,3.766,3.711,0.000,0.000,17.50,12.47,18,10
2026-06-01T22_43_27,15004,-49,21.89,99,14.89,4,3.615,3.792,3.753,3.727,0.000,0.000,17.35,11.71,19,0
2026-06-01T22_43_27,15005,-49,22.01,99,14.89,4,3.613,3.787,3.765,3.728,0.000,0.000,17.32,10.84,19,10
2026-06-01T22_43_27,15006,-47,21.00,99,14.90,4,3.619,3.787,3.769,3.722,0.000,0.000,16.62,11.71,19,1
2026-06-01T22_43_27,15007,-47,20.75,100,14.92,4,3.620,3.796,3.757,3.746,0.000,0.000,16.50,11.59,19,9
2026-06-01T22_43_27,15008,-51,21.01,99,14.91,4,3.631,3.792,3.747,3.737,0.000,0.000,16.30,11.71,19,1
2026-06-01T22_43_27,15009,-51,20.88,99,14.92,4,3.629,3.791,3.770,3.729,0.000,0.000,16.26,11.71,19,9
2026-06-01T22_43_27,15010,-51,20.13,99,14.92,4,3.628,3.800,3.771,3.724,0.000,0.000,16.01,10.96,19,1
2026-06-01T22_43_28,15011,-51,20.38,99,14.93,4,3.631,3.801,3.768,3.729,0.000,0.000,16.10,11.71,19,9
2026-06-01T22_43_28,15012,-51,19.25,99,14.92,4,3.637,3.808,3.755,3.723,0.000,0.000,15.78,10.33,19,1
2026-06-01T22_43_28,15013,-51,20.00,100,14.93,4,3.636,3.797,3.779,3.719,0.000,0.000,15.76,11.09,19,9
2026-06-01T22_43_28,15014,-51,20.38,99,14.92,4,3.638,3.813,3.771,3.702,0.000,0.000,15.65,10.08,19,0
2026-06-01T22_43_28,15015,-51,19.37,99,14.94,4,3.641,3.810,3.775,3.718,0.000,0.000,15.43,10.96,19,8
2026-06-01T22_43_28,15016,-51,19.50,99,14.97,4,3.637,3.809,3.778,3.750,0.000,0.000,15.25,10.71,19,0
2026-06-01T22_43_28,15017,-51,19.62,99,14.98,4,3.642,3.817,3.780,3.740,0.000,0.000,15.33,11.21,18,8
2026-06-01T22_43_28,15018,-52,18.49,99,14.99,4,3.639,3.812,3.786,3.755,0.000,0.000,15.02,10.58,19,0
2026-06-01T22_43_28,15019,-52,19.75,99,14.99,4,3.630,3.819,3.783,3.754,0.000,0.000,15.24,9.58,19,8
2026-06-01T22_43_28,15020,-51,19.37,99,14.97,4,3.638,3.813,3.783,3.740,0.000,0.000,14.84,10.33,19,0
2026-06-01T22_43_28,15021,-51,18.49,99,14.97,4,3.645,3.813,3.775,3.741,0.000,0.000,14.49,9.20,19,8
2026-06-01T22_43_28,15022,-51,18.87,99,14.97,4,3.637,3.806,3.791,3.739,0.000,0.000,14.64,10.33,19,17
2026-06-01T22_43_28,15023,-51,18.49,100,14.97,4,3.643,3.813,3.775,3.739,0.000,0.000,14.88,10.96,19,7
2026-06-01T22_43_28,15024,-53,18.87,99,14.97,4,3.637,3.813,3.786,3.732,0.000,0.000,14.93,10.33,19,17
2026-06-01T22_43_28,15025,-53,18.75,100,14.97,4,3.638,3.815,3.771,3.741,0.000,0.000,14.78,10.33,19,7
2026-06-01T22_43_28,15026,-51,19.62,99,14.97,4,3.643,3.816,3.775,3.737,0.000,0.000,14.74,8.95,19,17
2026-06-01T22_43_28,15027,-51,18.75,100,14.97,4,3.643,3.818,3.757,3.751,0.000,0.000,14.72,10.08,19,7
2026-06-01T22_43_28,15028,-51,18.62,99,14.97,4,3.647,3.806,3.779,3.735,0.000,0.000,14.59,9.70,19,17
2026-06-01T22_43_28,15029,-51,19.12,100,14.98,4,3.639,3.811,3.775,3.753,0.000,0.000,14.51,9.83,19,7
2026-06-01T22_43_28,15030,-52,18.87,99,14.97,4,3.633,3.813,3.788,3.737,0.000,0.000,14.70,10.46,19,16
2026-06-01T22_43_29,15031,-52,18.24,100,14.95,4,3.640,3.817,3.774,3.715,0.000,0.000,14.72,10.08,19,6
2026-06-01T22_43_29,15032,-51,18.87,99,14.98,4,3.641,3.818,3.771,3.745,0.000,0.000,14.44,10.58,19,16
2026-06-01T22_43_29,15033,-51,18.37,100,14.99,4,3.641,3.811,3.779,3.755,0.000,0.000,14.34,10.21,19,6
2026-06-01T22_43_29,15034,-51,18.37,99,14.98,4,3.638,3.816,3.766,3.755,0.000,0.000,14.42,9.58,19,16
2026-06-01T22_43_29,15035,-51,18.37,100,14.97,4,3.640,3.813,3.783,3.732,0.000,0.000,14.35,10.33,19,6
2026-06-01T22_43_29,15036,-51,18.75,99,14.97,4,3.642,3.817,3.774,3.740,0.000,0.000,14.35,10.58,19,16
2026-06-01T22_43_29,15037,-51,18.24,100,14.97,4,3.635,3.807,3.782,3.741,0.000,0.000,14.30,9.96,19,6
2026-06-01T22_43_29,15038,-51,18.24,99,14.98,4,3.632,3.807,3.790,3.748,0.000,0.000,14.38,10.08,19,15
2026-06-01T22_43_29,15039,-51,18.49,99,14.97,4,3.641,3.820,3.768,3.745,0.000,0.000,14.52,9.96,19,5
2026-06-01T22_43_29,15040,-46,19.00,99,14.95,4,3.637,3.816,3.780,3.721,0.000,0.000,14.18,10.08,19,15
2026-06-01T22_43_29,15041,-46,17.99,99,14.98,4,3.636,3.814,3.778,3.750,0.000,0.000,14.39,9.83,19,5
2026-06-01T22_43_29,15042,-46,18.87,99,14.98,4,3.634,3.820,3.779,3.748,0.000,0.000,14.43,9.96,19,15
2026-06-01T22_43_29,15043,-43,18.75,99,14.96,4,3.624,3.809,3.778,3.750,0.000,0.000,14.58,10.46,19,5
2026-06-01T22_43_29,15044,-43,18.87,99,14.97,4,3.639,3.813,3.777,3.737,0.000,0.000,14.46,9.96,19,15
2026-06-01T22_43_29,15045,-51,18.75,99,14.97,4,3.643,3.809,3.778,3.743,0.000,0.000,14.43,10.21,19,5
2026-06-01T22_43_29,15046,-51,18.49,99,14.96,4,3.642,3.804,3.770,3.741,0.000,0.000,14.36,10.33,19,14
2026-06-01T22_43_29,15047,-49,17.49,99,14.97,4,3.635,3.808,3.768,3.763,0.000,0.000,14.20,10.33,19,4
2026-06-01T22_43_29,15048,-49,18.49,99,14.98,4,3.638,3.815,3.777,3.751,0.000,0.000,14.35,10.46,19,14
2026-06-01T22_43_29,15049,-49,18.75,99,14.96,4,3.627,3.813,3.779,3.737,0.000,0.000,14.53,9.96,19,4
2026-06-01T22_43_29,15050,-49,18.49,99,14.96,4,3.634,3.816,3.763,3.748,0.000,0.000,14.20,9.96,19,14
2026-06-01T22_43_30,15051,-52,18.37,99,14.95,4,3.643,3.804,3.769,3.734,0.000,0.000,14.32,10.08,19,4
2026-06-01T22_43_30,15052,-52,18.87,99,14.97,4,3.635,3.812,3.767,3.751,0.000,0.000,14.31,10.08,19,14
2026-06-01T22_43_30,15053,-52,17.61,99,14.96,4,3.635,3.810,3.776,3.741,0.000,0.000,14.20,9.70,19,4
2026-06-01T22_43_30,15054,-52,17.74,99,14.96,4,3.634,3.821,3.774,3.730,0.000,0.000,14.05,9.33,19,13
2026-06-01T22_43_30,15055,-51,19.00,100,14.95,4,3.637,3.814,3.755,3.740,0.000,0.000,14.41,10.71,19,3
2026-06-01T22_43_30,15056,-51,18.24,99,14.97,4,3.642,3.809,3.761,3.758,0.000,0.000,14.08,10.08,18,13
2026-06-01T22_43_30,15057,-50,17.74,99,14.96,4,3.635,3.812,3.770,3.743,0.000,0.000,14.18,10.08,19,3
2026-06-01T22_43_30,15058,-50,18.62,99,14.96,4,3.640,3.811,3.783,3.730,0.000,0.000,13.65,9.70,19,13
2026-06-01T22_43_30,15059,-51,6.94,76,15.83,4,3.897,4.020,3.954,3.958,0.000,0.004,-0.03,-9.76,19,3
2026-06-01T22_43_30,15060,-51,1.92,58,16.29,4,4.046,4.107,4.060,4.081,0.000,0.024,-13.15,-26.71,19,13
2026-06-01T22_43_30,15061,-51,5.81,36,16.50,4,4.113,4.170,4.087,4.133,0.000,0.023,-17.75,-49.19,19,3
2026-06-01T22_43_30,15062,-51,13.71,12,16.33,4,4.074,4.150,4.057,4.053,0.000,0.018,-13.01,-58.48,19,13
2026-06-01T22_43_30,15063,-49,12.08,0,16.17,4,3.986,4.116,3.970,4.101,0.000,0.009,-7.41,-56.60,19,3
2026-06-01T22_43_30,15064,-49,15.60,0,16.11,4,3.981,4.077,4.045,4.006,0.000,0.007,-6.41,-53.08,19,13
2026-06-01T22_43_30,15065,-50,13.84,0,16.09,4,3.986,4.064,4.034,4.002,0.000,0.012,-7.37,-50.32,19,3
2026-06-01T22_43_30,15066,-50,2.67,0,16.08,4,3.981,4.069,4.017,4.015,0.000,0.010,-8.25,-52.08,19,13
2026-06-01T22_43_30,15067,-46,13.46,0,16.07,4,3.974,4.065,4.019,4.013,0.000,0.006,-3.78,-42.16,18,3
2026-06-01T22_43_30,15068,-46,9.82,0,16.03,4,3.961,4.073,3.976,4.017,0.000,0.003,-4.92,-41.91,19,13
2026-06-01T22_43_30,15069,-47,7.44,3,16.01,4,3.947,4.062,4.012,3.990,0.000,0.007,-4.89,-39.14,19,3
2026-06-01T22_43_30,15070,-47,5.93,0,15.97,4,3.948,4.045,3.988,3.993,0.000,0.002,-1.73,-16.16,19,12
2026-06-01T22_43_31,15071,-45,7.31,0,15.97,4,3.941,4.039,3.977,4.008,0.000,0.001,-2.33,-27.47,19,2
2026-06-01T22_43_31,15072,-44,4.05,0,15.92,4,3.931,4.029,3.992,3.971,0.000,0.001,-1.22,-15.41,20,4
2026-06-01T22_43_31,15073,-44,0.91,0,15.93,4,3.926,4.032,3.993,3.981,0.000,0.000,-1.03,-9.13,19,13
2026-06-01T22_43_31,15074,-44,2.29,0,15.92,4,3.927,4.032,3.985,3.978,0.000,0.000,-0.75,-7.88,19,3
2026-06-01T22_43_31,15075,-44,1.04,0,15.92,4,3.925,4.032,3.986,3.975,0.000,0.000,-0.74,-4.99,19,13
2026-06-01T22_43_31,15076,-41,0.79,0,15.92,4,3.925,4.032,3.987,3.974,0.000,0.000,-0.59,-4.11,19,2
2026-06-01T22_43_31,15077,-41,0.54,0,15.92,4,3.925,4.032,3.987,3.975,0.000,0.000,-0.50,-1.60,19,12
2026-06-01T22_43_31,15078,-42,0.79,0,15.92,4,3.925,4.032,3.988,3.975,0.000,0.000,-0.53,-1.47,19,2
2026-06-01T22_43_31,15079,-42,1.16,0,15.92,4,3.926,4.033,3.987,3.976,0.000,0.000,-0.51,-1.60,19,12
2026-06-01T22_43_31,15080,-43,0.91,0,15.92,4,3.926,4.034,3.987,3.976,0.000,0.000,-0.42,-1.47,19,2
2026-06-01T22_43_31,15081,-43,0.91,0,15.93,4,3.927,4.034,3.988,3.976,0.000,0.000,-0.41,-1.47,19,12
2026-06-01T22_43_31,15082,-45,0.91,0,15.93,4,3.927,4.035,3.989,3.977,0.000,0.000,-0.35,-1.22,19,2
2026-06-01T22_43_31,15083,-45,1.16,0,15.93,4,3.928,4.035,3.990,3.980,0.000,0.000,-0.39,-1.22,18,12
2026-06-01T22_43_31,15084,-46,0.91,0,15.94,4,3.929,4.036,3.991,3.979,0.000,0.000,-0.37,-2.48,19,2
2026-06-01T22_43_31,15085,-46,1.04,0,15.94,4,3.930,4.037,3.991,3.981,0.000,0.000,-0.34,-1.22,18,11
2026-06-01T22_43_31,15086,-45,1.29,0,15.94,4,3.931,4.038,3.993,3.980,0.000,0.000,-0.32,-1.47,19,1
2026-06-01T22_43_31,15087,-45,0.91,0,15.95,4,3.932,4.038,3.994,3.982,0.000,0.000,-0.29,-1.47,18,11
2026-06-01T22_43_31,15088,-47,1.29,0,15.95,4,3.933,4.039,3.994,3.982,0.000,0.000,-0.32,-1.10,19,1
2026-06-01T22_43_32,15089,-47,0.91,0,15.95,4,3.934,4.040,3.995,3.983,0.000,0.000,-0.44,-1.60,18,11
2026-06-01T22_43_32,15090,-47,1.04,0,15.96,4,3.935,4.041,3.996,3.984,0.000,0.000,-0.31,-1.47,19,1
2026-06-01T22_43_32,15091,-47,1.04,0,15.96,4,3.935,4.041,3.997,3.984,0.000,0.000,-0.29,-2.10,18,11
2026-06-01T22_43_32,15092,-48,0.79,0,15.96,4,3.936,4.042,3.997,3.986,0.000,0.000,-0.40,-1.47,19,1
2026-06-01T22_43_32,15093,-48,0.66,0,15.97,4,3.937,4.043,3.998,3.987,0.000,0.000,-0.29,-1.35,19,10
2026-06-01T22_43_32,15094,-44,1.04,0,15.97,4,3.938,4.044,4.000,3.987,0.000,0.000,-0.34,-1.35,19,0
2026-06-01T22_43_32,15095,-44,0.91,0,15.97,4,3.939,4.044,4.000,3.989,0.000,0.000,-0.35,-1.35,19,10
2026-06-01T22_43_32,15096,-44,1.29,0,15.97,4,3.940,4.045,4.001,3.989,0.000,0.000,-0.34,-1.72,19,0
2026-06-01T22_43_32,15097,-44,1.16,0,15.98,4,3.941,4.046,4.002,3.989,0.000,0.000,-0.32,-1.60,19,10
2026-06-01T22_43_32,15098,-46,0.91,0,15.98,4,3.941,4.046,4.002,3.990,0.000,0.000,-0.42,-1.60,19,0
2026-06-01T22_43_32,15099,-46,0.79,0,15.98,4,3.942,4.047,4.003,3.992,0.000,0.000,-0.42,-1.60,19,10
2026-06-01T22_43_32,15100,-46,0.79,0,15.99,4,3.943,4.048,4.004,3.992,0.000,0.000,-0.35,-1.60,19,0
2026-06-01T22_43_32,15101,-45,1.16,0,15.99,4,3.944,4.049,4.004,3.992,0.000,0.000,-0.43,-1.35,19,9
2026-06-01T22_43_32,15102,-45,0.66,0,15.99,4,3.945,4.049,4.005,3.993,0.000,0.000,-0.30,-1.47,19,0
2026-06-01T22_43_32,15103,-45,1.29,0,15.99,4,3.946,4.050,4.006,3.993,0.000,0.000,-0.40,-1.35,19,9
2026-06-01T22_43_32,15104,-45,0.91,0,16.00,4,3.946,4.050,4.006,3.995,0.000,0.000,-0.50,-1.35,19,0
2026-06-01T22_43_32,15105,-47,0.79,0,16.00,4,3.947,4.051,4.008,3.994,0.000,0.000,-0.31,-1.35,19,9
2026-06-01T22_43_32,15106,-47,0.91,0,16.00,4,3.948,4.051,4.008,3.996,0.000,0.000,-0.39,-1.85,19,0
2026-06-01T22_43_32,15107,-45,1.42,0,16.01,4,3.949,4.052,4.009,3.996,0.000,0.000,-0.35,-1.85,19,9
2026-06-01T22_43_32,15108,-45,0.91,0,16.01,4,3.949,4.053,4.009,3.997,0.000,0.000,-0.29,-1.72,19,0
2026-06-01T22_43_33,15109,-45,0.79,0,16.01,4,3.950,4.053,4.010,3.998,0.000,0.000,-0.38,-1.72,19,8
2026-06-01T22_43_33,15110,-45,1.42,0,16.01,4,3.950,4.054,4.011,3.998,0.000,0.000,-0.31,-1.60,19,18
2026-06-01T22_43_33,15111,-46,1.04,0,16.02,4,3.951,4.054,4.012,3.999,0.000,0.000,-0.36,-1.72,19,8
2026-06-01T22_43_33,15112,-46,0.91,0,16.02,4,3.952,4.055,4.012,4.000,0.000,0.000,-0.41,-1.60,19,18
2026-06-01T22_43_33,15113,-47,1.16,0,16.02,4,3.953,4.055,4.013,4.000,0.000,0.000,-0.35,-1.47,19,8
2026-06-01T22_43_33,15114,-47,0.79,0,16.02,4,3.953,4.056,4.013,4.001,0.000,0.000,-0.28,-1.60,19,18
2026-06-01T22_43_33,15115,-47,1.16,0,16.03,4,3.954,4.056,4.014,4.001,0.000,0.000,-0.30,-1.35,19,8
2026-06-01T22_43_33,15116,-47,1.04,0,16.03,4,3.955,4.057,4.014,4.002,0.000,0.000,-0.34,-1.97,19,18
2026-06-01T22_43_33,15117,-43,1.04,4,16.03,4,3.955,4.057,4.016,4.002,0.000,0.000,-0.33,-1.47,19,7
2026-06-01T22_43_33,15118,-43,1.04,0,16.03,4,3.956,4.058,4.015,4.003,0.000,0.000,-0.41,-1.72,19,17
2026-06-01T22_43_33,15119,-43,0.91,2,16.04,4,3.956,4.058,4.016,4.005,0.000,0.000,-0.34,-1.47,19,7
2026-06-01T22_43_33,15120,-43,0.66,0,16.04,4,3.957,4.059,4.017,4.004,0.000,0.000,-0.30,-1.47,19,17
2026-06-01T22_43_33,15121,-42,1.16,1,16.04,4,3.958,4.059,4.018,4.003,0.000,0.000,-0.34,-1.60,19,7
2026-06-01T22_43_33,15122,-42,0.91,0,16.04,4,3.958,4.060,4.018,4.006,0.000,0.000,-0.26,-1.47,19,17
2026-06-01T22_43_33,15123,-47,1.04,0,16.04,4,3.959,4.061,4.018,4.007,0.000,0.001,-0.37,-1.47,19,7
2026-06-01T22_43_33,15124,-47,0.79,0,16.05,4,3.960,4.061,4.019,4.006,0.000,0.000,-0.32,-2.35,19,17
2026-06-01T22_43_33,15125,-48,1.04,2,16.05,4,3.960,4.061,4.020,4.007,0.000,0.000,-0.34,-1.97,19,7
2026-06-01T22_43_33,15126,-48,1.16,0,16.05,4,3.961,4.062,4.020,4.008,0.000,0.000,-0.34,-1.47,19,16
2026-06-01T22_43_33,15127,-47,0.91,0,16.05,4,3.961,4.062,4.021,4.007,0.000,0.000,-0.33,-1.10,19,6
2026-06-01T22_43_33,15128,-47,0.91,0,16.05,4,3.962,4.063,4.022,4.008,0.000,0.000,-0.36,-1.60,19,16
2026-06-01T22_43_34,15129,-46,2.17,0,16.06,4,3.962,4.064,4.022,4.009,0.000,0.000,-0.31,-1.35,19,6
2026-06-01T22_43_34,15130,-46,1.04,0,16.06,4,3.963,4.065,4.022,4.011,0.000,0.000,-0.40,-1.47,19,16
2026-06-01T22_43_34,15131,-46,1.16,0,16.06,4,3.963,4.065,4.023,4.010,0.000,0.000,-0.39,-1.22,19,6
2026-06-01T22_43_34,15132,-46,1.29,0,16.06,4,3.964,4.065,4.023,4.011,0.000,0.000,-0.35,-1.35,19,16
2026-06-01T22_43_34,15133,-45,0.54,0,16.07,4,3.965,4.066,4.024,4.012,0.000,0.000,-0.45,-1.47,19,6
2026-06-01T22_43_34,15134,-45,0.54,0,16.07,4,3.965,4.066,4.024,4.013,0.000,0.000,-0.48,-2.98,19,15
2026-06-01T22_43_34,15135,-45,1.42,0,16.07,4,3.966,4.066,4.025,4.012,0.000,0.000,-0.40,-1.47,19,5
2026-06-01T22_43_34,15136,-45,1.04,0,16.07,4,3.966,4.067,4.025,4.013,0.000,0.000,-0.38,-1.47,19,15
2026-06-01T22_43_34,15137,-48,1.29,0,16.07,4,3.967,4.067,4.026,4.013,0.000,0.000,-0.39,-2.48,19,5
